name,link
"Harry Potter and the Order of the Phoenix (Harry Potter, #5)",/book/show/2.Harry_Potter_and_the_Order_of_the_Phoenix
"Twilight (The Twilight Saga, #1)",/book/show/41865.Twilight
"Harry Potter and the Goblet of Fire (Harry Potter, #4)",/book/show/6.Harry_Potter_and_the_Goblet_of_Fire
"Harry Potter and the Prisoner of Azkaban (Harry Potter, #3)",/book/show/5.Harry_Potter_and_the_Prisoner_of_Azkaban
"Harry Potter and the Sorcerer's Stone (Harry Potter, #1)",/book/show/3.Harry_Potter_and_the_Sorcerer_s_Stone
"The Da Vinci Code (Robert Langdon, #2)",/book/show/968.The_Da_Vinci_Code
"Harry Potter and the Chamber of Secrets (Harry Potter, #2)",/book/show/15881.Harry_Potter_and_the_Chamber_of_Secrets
"Harry Potter and the Half-Blood Prince (Harry Potter, #6)",/book/show/1.Harry_Potter_and_the_Half_Blood_Prince
"Eragon (The Inheritance Cycle, #1)",/book/show/113436.Eragon
Memoirs of a Geisha,/book/show/930.Memoirs_of_a_Geisha
"The Cat in the Hat (The Cat in the Hat, #1)",/book/show/233093.The_Cat_in_the_Hat
"Harry Potter and the Deathly Hallows (Harry Potter, #7)",/book/show/136251.Harry_Potter_and_the_Deathly_Hallows
"The Lion, the Witch and the Wardrobe (Chronicles of Narnia, #1)",/book/show/100915.The_Lion_the_Witch_and_the_Wardrobe
"The Golden Compass (His Dark Materials, #1)",/book/show/119322.The_Golden_Compass
"The Lightning Thief (Percy Jackson and the Olympians, #1)",/book/show/28187.The_Lightning_Thief
Ella Enchanted (Ella Enchanted #1),/book/show/24337.Ella_Enchanted
"New Moon (The Twilight Saga, #2)",/book/show/49041.New_Moon
Pride and Prejudice,/book/show/1885.Pride_and_Prejudice
To Kill a Mockingbird,/book/show/2657.To_Kill_a_Mockingbird
"The Hunger Games (The Hunger Games, #1)",/book/show/2767052-the-hunger-games
Charlotte's Web,/book/show/24178.Charlotte_s_Web
"Holes (Holes, #1)",/book/show/38709.Holes
"Angels & Demons (Robert Langdon, #1)",/book/show/960.Angels_Demons
"The Other Boleyn Girl (The Plantagenet and Tudor Novels, #9)",/book/show/37470.The_Other_Boleyn_Girl
How the Grinch Stole Christmas!,/book/show/113946.How_the_Grinch_Stole_Christmas_
"Interview with the Vampire (The Vampire Chronicles, #1)",/book/show/43763.Interview_with_the_Vampire
"Eclipse (The Twilight Saga, #3)",/book/show/428263.Eclipse
The Count of Monte Cristo,/book/show/7126.The_Count_of_Monte_Cristo
"The Fellowship of the Ring (The Lord of the Rings, #1)",/book/show/34.The_Fellowship_of_the_Ring
Romeo and Juliet,/book/show/18135.Romeo_and_Juliet
The Kite Runner,/book/show/77203.The_Kite_Runner
Matilda,/book/show/39988.Matilda
"The Hitchhiker's Guide to the Galaxy (Hitchhiker's Guide to the Galaxy, #1)",/book/show/11.The_Hitchhiker_s_Guide_to_the_Galaxy
Gone with the Wind,/book/show/18405.Gone_with_the_Wind
"Prince Caspian (Chronicles of Narnia, #2)",/book/show/121749.Prince_Caspian
The Outsiders,/book/show/231804.The_Outsiders
It,/book/show/18342.It
"Charlie and the Chocolate Factory (Charlie Bucket, #1)",/book/show/6310.Charlie_and_the_Chocolate_Factory
"The Bad Beginning (A Series of Unfortunate Events, #1)",/book/show/78411.The_Bad_Beginning
"Jurassic Park (Jurassic Park, #1)",/book/show/6424171-jurassic-park
"The Notebook (The Notebook, #1)",/book/show/15931.The_Notebook
Jane Eyre,/book/show/10210.Jane_Eyre
"The Devil Wears Prada (The Devil Wears Prada, #1)",/book/show/5139.The_Devil_Wears_Prada
The Secret Garden,/book/show/2998.The_Secret_Garden
"The Return of the King (The Lord of the Rings, #3)",/book/show/18512.The_Return_of_the_King
Little Women,/book/show/1934.Little_Women
The Time Traveler's Wife,/book/show/18619684-the-time-traveler-s-wife
Ethan Frome,/book/show/5246.Ethan_Frome
My Sister's Keeper,/book/show/10917.My_Sister_s_Keeper
The Firm,/book/show/5358.The_Firm
"The Sisterhood of the Traveling Pants (Sisterhood, #1)",/book/show/452306.The_Sisterhood_of_the_Traveling_Pants
The Shining,/book/show/11588.The_Shining
"Inkheart (Inkworld, #1)",/book/show/28194.Inkheart
The Polar Express,/book/show/420282.The_Polar_Express
Divine Secrets of the Ya-Ya Sisterhood,/book/show/137791.Divine_Secrets_of_the_Ya_Ya_Sisterhood
"The Two Towers (The Lord of the Rings, #2)",/book/show/15241.The_Two_Towers
"The Queen of the Damned (The Vampire Chronicles, #3)",/book/show/43758.The_Queen_of_the_Damned
"Bridget Jones's Diary (Bridget Jones, #1)",/book/show/227443.Bridget_Jones_s_Diary
1984,/book/show/5470.1984
"P.S. I Love You (P.S. I Love You, #1)",/book/show/366522.P_S_I_Love_You
I Am Legend and Other Stories,/book/show/547094.I_Am_Legend_and_Other_Stories
The Stand,/book/show/149267.The_Stand
White Oleander,/book/show/32234.White_Oleander
Where the Heart Is,/book/show/5168.Where_the_Heart_Is
The Princess Bride,/book/show/21787.The_Princess_Bride
Stardust,/book/show/16793.Stardust
"The Hobbit, or There and Back Again",/book/show/5907.The_Hobbit_or_There_and_Back_Again
The Lovely Bones,/book/show/12232938-the-lovely-bones
Girl with a Pearl Earring,/book/show/2865.Girl_with_a_Pearl_Earring
Pet Sematary,/book/show/10583.Pet_Sematary
A Walk to Remember,/book/show/3473.A_Walk_to_Remember
"The Mists of Avalon (Avalon, #1)",/book/show/402045.The_Mists_of_Avalon
Perfume: The Story of a Murderer,/book/show/343.Perfume
"Breaking Dawn (The Twilight Saga, #4)",/book/show/1162543.Breaking_Dawn
Running with Scissors,/book/show/242006.Running_with_Scissors
Sense and Sensibility,/book/show/14935.Sense_and_Sensibility
"The Clan of the Cave Bear (Earth's Children, #1)",/book/show/1295.The_Clan_of_the_Cave_Bear
Misery,/book/show/10614.Misery
Les Misérables,/book/show/24280.Les_Mis_rables
Stuart Little,/book/show/138959.Stuart_Little
The Great Gatsby,/book/show/4671.The_Great_Gatsby
The Joy Luck Club,/book/show/7763.The_Joy_Luck_Club
"Dune (Dune Chronicles, #1)",/book/show/234225.Dune
Dracula,/book/show/17245.Dracula
Blood and Chocolate,/book/show/30324.Blood_and_Chocolate
Where the Wild Things Are,/book/show/19543.Where_the_Wild_Things_Are
Great Expectations,/book/show/2623.Great_Expectations
The Haunting of Hill House,/book/show/89717.The_Haunting_of_Hill_House
Trainspotting,/book/show/23955.Trainspotting
The Alchemist,/book/show/865.The_Alchemist
Tara Road,/book/show/5196.Tara_Road
"Outlander (Outlander, #1)",/book/show/10964.Outlander
The Complete Sherlock Holmes,/book/show/188572.The_Complete_Sherlock_Holmes
Night Watch (Watch #1),/book/show/359375.Night_Watch
"Ready Player One (Ready Player One, #1)",/book/show/9969571-ready-player-one
The Prestige,/book/show/239239.The_Prestige
East of Eden,/book/show/4406.East_of_Eden
"A Ring of Endless Light (Austin Family Chronicles, #4)",/book/show/14358.A_Ring_of_Endless_Light
Paper Towns,/book/show/6442769-paper-towns
Empire of the Sun,/book/show/56674.Empire_of_the_Sun
A Civil Action,/book/show/27397.A_Civil_Action
No Country for Old Men,/book/show/12497.No_Country_for_Old_Men
"The Wide Window (A Series of Unfortunate Events, #3)",/book/show/438492.The_Wide_Window
On the Road,/book/show/70401.On_the_Road
"Tales from Earthsea (Earthsea Cycle, #5)",/book/show/13659.Tales_from_Earthsea
"Persepolis: The Story of a Childhood (Persepolis, #1)",/book/show/9516.Persepolis
Jaws (Jaws #1),/book/show/126232.Jaws
"The Human Stain (The American Trilogy, #3)",/book/show/11734.The_Human_Stain
"Allegiant (Divergent, #3)",/book/show/18710190-allegiant
"The 39 Steps (Richard Hannay, #1)",/book/show/153492.The_39_Steps
The Last Temptation of Christ,/book/show/8737.The_Last_Temptation_of_Christ
The Little Prince,/book/show/578618.The_Little_Prince
"Diary of a Wimpy Kid (Diary of a Wimpy Kid, #1)",/book/show/389627.Diary_of_a_Wimpy_Kid
"The Punisher, Vol. 1: Welcome Back, Frank",/book/show/664149.The_Punisher_Vol_1
Breakfast of Champions,/book/show/4980.Breakfast_of_Champions
From Hell,/book/show/23529.From_Hell
Requiem for a Dream,/book/show/46945.Requiem_for_a_Dream
"Laskar Pelangi (Tetralogi Laskar Pelangi, #1)",/book/show/1362193.Laskar_Pelangi
"Me Before You (Me Before You, #1)",/book/show/17347634-me-before-you
The Maltese Falcon,/book/show/51068.The_Maltese_Falcon
What Dreams May Come,/book/show/33555.What_Dreams_May_Come
Horns,/book/show/6587879-horns
If I Stay,/book/show/4374400-if-i-stay
Push,/book/show/71332.Push
The Perfect Storm: A True Story of Men Against the Sea,/book/show/108229.The_Perfect_Storm
A Thousand Acres,/book/show/41193.A_Thousand_Acres
The General's Daughter,/book/show/98427.The_General_s_Daughter
"Hellboy, Vol. 1: Seed of Destruction",/book/show/102458.Hellboy_Vol_1
"Howl’s Moving Castle (Howl’s Moving Castle, #1)",/book/show/6294.Howl_s_Moving_Castle
Timeline,/book/show/7669.Timeline
Lord of the Flies,/book/show/7624.Lord_of_the_Flies
"Bridget Jones: The Edge of Reason (Bridget Jones, #2)",/book/show/363752.Bridget_Jones
"The Nanny Diaries (Nanny, #1)",/book/show/228333.The_Nanny_Diaries
"The Bourne Identity (Jason Bourne, #1)",/book/show/7869.The_Bourne_Identity
Sphere,/book/show/455373.Sphere
Rebecca,/book/show/17899948-rebecca
One Flew Over the Cuckoo's Nest,/book/show/332613.One_Flew_Over_the_Cuckoo_s_Nest
Atonement,/book/show/6867.Atonement
The Horse Whisperer,/book/show/479415.The_Horse_Whisperer
Frankenstein,/book/show/18490.Frankenstein
"Left Behind (Left Behind, #1)",/book/show/27523.Left_Behind
Circle of Friends,/book/show/41977.Circle_of_Friends
Cold Mountain,/book/show/10920.Cold_Mountain
The Executioner's Song,/book/show/12468.The_Executioner_s_Song
The Mountain Between Us,/book/show/7173336-the-mountain-between-us
The Day of the Triffids,/book/show/530965.The_Day_of_the_Triffids
Big Trouble,/book/show/893731.Big_Trouble
"Casino Royale (James Bond, #1)",/book/show/3758.Casino_Royale
I Am Legend,/book/show/40940649-i-am-legend
Moll Flanders,/book/show/38262.Moll_Flanders
Ordinary People,/book/show/160251.Ordinary_People
Ayat-Ayat Cinta,/book/show/969177.Ayat_Ayat_Cinta
"Sahara (Dirk Pitt, #11)",/book/show/41716.Sahara
Safe Haven,/book/show/7812659-safe-haven
What's Eating Gilbert Grape,/book/show/152662.What_s_Eating_Gilbert_Grape
The Woman in White,/book/show/5890.The_Woman_in_White
The BFG,/book/show/6319.The_BFG
A Kiss Before Dying,/book/show/12770.A_Kiss_Before_Dying
Mrs. Dalloway,/book/show/14942.Mrs_Dalloway
Curious George,/book/show/420297.Curious_George
"Warm Bodies (Warm Bodies, #1)",/book/show/15842439-warm-bodies
"The Lost Symbol (Robert Langdon, #3)",/book/show/6411961-the-lost-symbol
Vanity Fair,/book/show/5797.Vanity_Fair
Wonder Boys,/book/show/16707.Wonder_Boys
Sex and the City,/book/show/7455.Sex_and_the_City
Revolutionary Road,/book/show/48328.Revolutionary_Road
Not Without My Daughter,/book/show/43255.Not_Without_My_Daughter
The Funhouse,/book/show/11166889-the-funhouse
The Runaway Jury,/book/show/24192.The_Runaway_Jury
The Client,/book/show/5359.The_Client
Starship Troopers,/book/show/17214.Starship_Troopers
Jumanji,/book/show/525995.Jumanji
"Confessions of a Shopaholic (Shopaholic, #1)",/book/show/9416.Confessions_of_a_Shopaholic
Wuthering Heights,/book/show/6185.Wuthering_Heights
"The Girl with the Dragon Tattoo (Millennium, #1)",/book/show/2429135.The_Girl_with_the_Dragon_Tattoo
Of Mice and Men,/book/show/890.Of_Mice_and_Men
Congo,/book/show/7672.Congo
James and the Giant Peach,/book/show/6689.James_and_the_Giant_Peach
Marley and Me: Life and Love With the World's Worst Dog,/book/show/12691.Marley_and_Me
A Clockwork Orange,/book/show/227463.A_Clockwork_Orange
The Lost World (Jurassic Park #2),/book/show/8650.The_Lost_World
Skipping Christmas,/book/show/5357.Skipping_Christmas
The Green Mile,/book/show/11566.The_Green_Mile
The Prince of Tides,/book/show/16735.The_Prince_of_Tides
Watchmen,/book/show/472331.Watchmen
The Bridges of Madison County,/book/show/83674.The_Bridges_of_Madison_County
The Help,/book/show/4667024-the-help
"Flowers in the Attic (Dollanganger, #1)",/book/show/43448.Flowers_in_the_Attic
Tuck Everlasting,/book/show/84981.Tuck_Everlasting
"The City of Ember (Book of Ember, #1)",/book/show/307791.The_City_of_Ember
The Beach,/book/show/607639.The_Beach
"The Dark Is Rising (The Dark is Rising, #2)",/book/show/210329.The_Dark_Is_Rising
"City of Bones (The Mortal Instruments, #1)",/book/show/256683.City_of_Bones
"The Handmaid's Tale (The Handmaid's Tale, #1)",/book/show/38447.The_Handmaid_s_Tale
Firestarter,/book/show/233667.Firestarter
Alice's Adventures in Wonderland / Through the Looking-Glass,/book/show/24213.Alice_s_Adventures_in_Wonderland_Through_the_Looking_Glass
The Neverending Story,/book/show/27712.The_Neverending_Story
Where the Red Fern Grows,/book/show/10365.Where_the_Red_Fern_Grows
The Secret Life of Bees,/book/show/37435.The_Secret_Life_of_Bees
'Salem's Lot,/book/show/11590._Salem_s_Lot
Fahrenheit 451,/book/show/17470674-fahrenheit-451
Beloved,/book/show/6149.Beloved
"Divergent (Divergent, #1)",/book/show/13335037-divergent
"Point of Impact (Bob Lee Swagger, #1)",/book/show/127712.Point_of_Impact
"Unbroken: A World War II Story of Survival, Resilience and Redemption",/book/show/8664353-unbroken
"Moonraker (James Bond, #3)",/book/show/3750.Moonraker
Avalon High,/book/show/187812.Avalon_High
Brick Lane,/book/show/18723.Brick_Lane
War and Peace,/book/show/656.War_and_Peace
"Raise the Titanic! (Dirk Pitt, #4)",/book/show/41706.Raise_the_Titanic_
Of Love and Shadows,/book/show/16532.Of_Love_and_Shadows
The Milagro Beanfield War,/book/show/39242.The_Milagro_Beanfield_War
"How to Train Your Dragon (How to Train Your Dragon, #1)",/book/show/352262.How_to_Train_Your_Dragon
Pictures of Hollis Woods,/book/show/828084.Pictures_of_Hollis_Woods
Fatherland,/book/show/56842.Fatherland
Bury My Heart at Wounded Knee: An Indian History of the American West,/book/show/76401.Bury_My_Heart_at_Wounded_Knee
"Thunderball (James Bond, #9)",/book/show/177194.Thunderball
Ghost Story,/book/show/19581.Ghost_Story
"Blackwood Farm (The Vampire Chronicles, #9)",/book/show/31337.Blackwood_Farm
"Fruits Basket, Vol. 1",/book/show/271199.Fruits_Basket_Vol_1
Flipped,/book/show/331920.Flipped
A Good Year,/book/show/40190.A_Good_Year
"Death on the Nile (Hercule Poirot, #18)",/book/show/131359.Death_on_the_Nile
David Copperfield,/book/show/58696.David_Copperfield
"Shōgun: A Novel of Japan (Asian Saga, #1)",/book/show/13274731-sh-gun
A Home at the End of the World,/book/show/386242.A_Home_at_the_End_of_the_World
The Woman in Black,/book/show/37034.The_Woman_in_Black
Pinocchio,/book/show/180617.Pinocchio
The Stranger,/book/show/49552.The_Stranger
"The Gunslinger (The Dark Tower, #1)",/book/show/43615.The_Gunslinger
The End of the Affair,/book/show/29641.The_End_of_the_Affair
"Ruby Red (Precious Stone Trilogy, #1)",/book/show/8835379-ruby-red
Brideshead Revisited,/book/show/30933.Brideshead_Revisited
"To Your Scattered Bodies Go (Riverworld, #1)",/book/show/189147.To_Your_Scattered_Bodies_Go
"Dance Upon the Air (Three Sisters Island, #1)",/book/show/59829.Dance_Upon_the_Air
"Orchid Beach (Holly Barker, #1)",/book/show/410741.Orchid_Beach
Looking for Alibrandi,/book/show/82436.Looking_for_Alibrandi
"Petals on the Wind (Dollanganger, #2)",/book/show/226709.Petals_on_the_Wind
See Jane Run,/book/show/253993.See_Jane_Run
"Simon vs. the Homo Sapiens Agenda (Simonverse, #1)",/book/show/19547856-simon-vs-the-homo-sapiens-agenda
"The Body in the Library (Miss Marple, #2)",/book/show/16319.The_Body_in_the_Library
The Incredible Journey,/book/show/231821.The_Incredible_Journey
Naked Lunch,/book/show/7437.Naked_Lunch
The Legend of Sleepy Hollow,/book/show/93261.The_Legend_of_Sleepy_Hollow
Norwegian Wood,/book/show/11297.Norwegian_Wood
The Jane Austen Book Club,/book/show/2152.The_Jane_Austen_Book_Club
A River Runs Through it and Other Stories,/book/show/30043.A_River_Runs_Through_it_and_Other_Stories
"The Clique (The Clique, #1)",/book/show/890143.The_Clique
Cloud Atlas,/book/show/49628.Cloud_Atlas
Gulliver's Travels: Travels into Several Remote Nations of the World.,/book/show/7733.Gulliver_s_Travels
"Tai-Pan (Asian Saga, #2)",/book/show/42933.Tai_Pan
Sophie's Choice,/book/show/228560.Sophie_s_Choice
Ghost World,/book/show/62953.Ghost_World
"Forever in Blue: The Fourth Summer of the Sisterhood (Sisterhood, #4)",/book/show/5453.Forever_in_Blue
Fantastic Mr. Fox,/book/show/6693.Fantastic_Mr_Fox
The Club Dumas,/book/show/7194.The_Club_Dumas
Lost Horizon,/book/show/2978.Lost_Horizon
Thank You for Smoking,/book/show/40465.Thank_You_for_Smoking
White Fang,/book/show/43035.White_Fang
Eaters of the Dead,/book/show/7673.Eaters_of_the_Dead
The Silver Linings Playbook,/book/show/13539044-the-silver-linings-playbook
Before I Go to Sleep,/book/show/9736930-before-i-go-to-sleep
Montana Sky,/book/show/7172266-montana-sky
Primal Fear (Vail/Stampler #1),/book/show/187650.Primal_Fear
"The 5th Wave (The 5th Wave, #1)",/book/show/16101128-the-5th-wave
Scarlett,/book/show/73062.Scarlett
Phantoms,/book/show/32435.Phantoms
Les Liaisons dangereuses,/book/show/49540.Les_Liaisons_dangereuses
The Wild Things,/book/show/6387925-the-wild-things
"Ring (Ring, #1)",/book/show/38379.Ring
Prozac Nation,/book/show/227603.Prozac_Nation
The Heart Is a Lonely Hunter,/book/show/37380.The_Heart_Is_a_Lonely_Hunter
Veronika Decides to Die,/book/show/1431.Veronika_Decides_to_Die
The Prince of Thieves (Tales of Robin Hood by Alexandre Dumas #1),/book/show/388223.The_Prince_of_Thieves
"The Celestine Prophecy (Celestine Prophecy, #1)",/book/show/13103.The_Celestine_Prophecy
The Constant Gardener,/book/show/19000.The_Constant_Gardener
The Good German,/book/show/147326.The_Good_German
Forever Amber,/book/show/5368.Forever_Amber
The Midwich Cuckoos,/book/show/161846.The_Midwich_Cuckoos
Three Weeks With My Brother,/book/show/3465.Three_Weeks_With_My_Brother
"Princess in Love (The Princess Diaries, #3)",/book/show/93728.Princess_in_Love
Lightning,/book/show/32424.Lightning
We the Living,/book/show/668.We_the_Living
The Zahir,/book/show/1427.The_Zahir
The Rise and Fall of the Third Reich: A History of Nazi Germany,/book/show/767171.The_Rise_and_Fall_of_the_Third_Reich
"The Brotherhood of the Rose (Mortalis, #1)",/book/show/21838.The_Brotherhood_of_the_Rose
"World Without End (Kingsbridge, #2)",/book/show/5064.World_Without_End
"Fruits Basket, Vol. 2",/book/show/836606.Fruits_Basket_Vol_2
A Beautiful Mind,/book/show/13912.A_Beautiful_Mind
"Blood Work (Terry McCaleb, #1; Harry Bosch Universe, #8)",/book/show/1111558.Blood_Work
Wild: From Lost to Found on the Pacific Crest Trail,/book/show/12262741-wild
"The Angel Experiment (Maximum Ride, #1)",/book/show/13152.The_Angel_Experiment
"Bird Box (Bird Box, #1)",/book/show/18498558-bird-box
"City of Glass (The Mortal Instruments, #3)",/book/show/3777732-city-of-glass
"The Ugly Truth (Diary of a Wimpy Kid, #5)",/book/show/7823678-the-ugly-truth
The Longest Ride,/book/show/18365395-the-longest-ride
Ironweed,/book/show/267243.Ironweed
Twenty Thousand Leagues Under the Sea,/book/show/33507.Twenty_Thousand_Leagues_Under_the_Sea
Day Watch (Watch #2),/book/show/104160.Day_Watch
The Field Guide (The Spiderwick Chronicles #1),/book/show/18875096-the-field-guide
The Puppet Masters,/book/show/7171856-the-puppet-masters
The Tin Drum,/book/show/35743.The_Tin_Drum
Thirteen Reasons Why,/book/show/29844228-thirteen-reasons-why
Paula,/book/show/24790.Paula
The Wings of the Dove,/book/show/124272.The_Wings_of_the_Dove
"Map of Bones (Sigma Force, #2)",/book/show/92147.Map_of_Bones
Miss Pettigrew Lives for a Day,/book/show/2277185.Miss_Pettigrew_Lives_for_a_Day
The Idiot,/book/show/887014.The_Idiot
Titus Andronicus,/book/show/72978.Titus_Andronicus
Alien,/book/show/35125.Alien
"Rosemary's Baby (Rosemary's Baby, #1)",/book/show/228296.Rosemary_s_Baby
"Going Postal (Discworld, #33; Moist von Lipwig, #1)",/book/show/64222.Going_Postal
What Was She Thinking? [Notes on a Scandal],/book/show/13258.What_Was_She_Thinking_Notes_on_a_Scandal_
The Chosen (Reuven Malther #1),/book/show/187181.The_Chosen
A Streetcar Named Desire,/book/show/12220.A_Streetcar_Named_Desire
"Sandstorm (Sigma Force, #1)",/book/show/183822.Sandstorm
Animal Husbandry,/book/show/136270.Animal_Husbandry
Silk,/book/show/61264.Silk
L'Amant,/book/show/145542.L_Amant
The Mortal Instruments (The Mortal Instruments #1-4),/book/show/11106458-the-mortal-instruments
The Cider House Rules,/book/show/4687.The_Cider_House_Rules
"Dead Until Dark (Sookie Stackhouse, #1)",/book/show/301082.Dead_Until_Dark
A Little Princess,/book/show/3008.A_Little_Princess
"Little House on the Prairie (Little House, #3)",/book/show/77767.Little_House_on_the_Prairie
"The Silence of the Lambs  (Hannibal Lecter, #2)",/book/show/23807.The_Silence_of_the_Lambs
Carrie,/book/show/10592.Carrie
The Scarlet Letter,/book/show/12296.The_Scarlet_Letter
Midnight in the Garden of Good and Evil,/book/show/386187.Midnight_in_the_Garden_of_Good_and_Evil
Water for Elephants,/book/show/43641.Water_for_Elephants
"A Wrinkle in Time (Time Quintet, #1)",/book/show/33574273-a-wrinkle-in-time
"The Princess Diaries (The Princess Diaries, #1)",/book/show/38980.The_Princess_Diaries
The Last Song,/book/show/6400090-the-last-song
"I, Robot (Robot, #0.1)",/book/show/41804.I_Robot
The Witches,/book/show/6327.The_Witches
The War of the Worlds,/book/show/8909.The_War_of_the_Worlds
"Watership Down (Watership Down, #1)",/book/show/76620.Watership_Down
The Shipping News,/book/show/7354.The_Shipping_News
"Along Came a Spider (Alex Cross, #1)",/book/show/13145.Along_Came_a_Spider
Dear John,/book/show/5526.Dear_John
Beowulf,/book/show/52357.Beowulf
Christine,/book/show/10629.Christine
Lolita,/book/show/7604.Lolita
"The Three Musketeers (The D'Artagnan Romances, #1)",/book/show/7190.The_Three_Musketeers
The World According to Garp,/book/show/7069.The_World_According_to_Garp
"The Wonderful Wizard of Oz (Oz, #1)",/book/show/236093.The_Wonderful_Wizard_of_Oz
High Fidelity,/book/show/285092.High_Fidelity
Hamlet,/book/show/1420.Hamlet
The Namesake,/book/show/33917.The_Namesake
Coraline,/book/show/17061.Coraline
The Memory Keeper's Daughter,/book/show/10441.The_Memory_Keeper_s_Daughter
"The Sea of Monsters (Percy Jackson and the Olympians, #2)",/book/show/28186.The_Sea_of_Monsters
The Time Machine,/book/show/2493.The_Time_Machine
The Color Purple,/book/show/11486.The_Color_Purple
"The Host (The Host, #1)",/book/show/1656001.The_Host
Emma,/book/show/6969.Emma
The Picture of Dorian Gray,/book/show/5297.The_Picture_of_Dorian_Gray
Because of Winn-Dixie,/book/show/357664.Because_of_Winn_Dixie
"Red Dragon (Hannibal Lecter, #1)",/book/show/28877.Red_Dragon
Catch-22,/book/show/168668.Catch_22
The Tale of Despereaux,/book/show/37190.The_Tale_of_Despereaux
"The Godfather (The Godfather, #1)",/book/show/22034.The_Godfather
The Pelican Brief,/book/show/32499.The_Pelican_Brief
The Razor's Edge,/book/show/31196.The_Razor_s_Edge
"Fallen (Fallen, #1)",/book/show/6487308-fallen
"Devil in a Blue Dress (Easy Rawlins, #1)",/book/show/37100.Devil_in_a_Blue_Dress
Much Ado About Nothing,/book/show/12957.Much_Ado_About_Nothing
Five Feet Apart,/book/show/39939417-five-feet-apart
"L.A. Confidential (L.A. Quartet, #3)",/book/show/57727.L_A_Confidential
"Underworld (Underworld, #1)",/book/show/33024.Underworld
Marathon Man,/book/show/21796.Marathon_Man
"The Name of the Wind (The Kingkiller Chronicle, #1)",/book/show/186074.The_Name_of_the_Wind
Planet of the Apes,/book/show/414895.Planet_of_the_Apes
"I Hope They Serve Beer in Hell (Tucker Max, #1)",/book/show/9010.I_Hope_They_Serve_Beer_in_Hell
Snow White & the Huntsman,/book/show/13273621-snow-white-the-huntsman
The Magus,/book/show/16286.The_Magus
The Wind in the Willows,/book/show/5659.The_Wind_in_the_Willows
"Odd Thomas (Odd Thomas, #1)",/book/show/14995.Odd_Thomas
"Through the Looking-Glass and What Alice Found There (Alice's Adventures in Wonderland, #2)",/book/show/83346.Through_the_Looking_Glass_and_What_Alice_Found_There
"The Heights of Perdition (The Divine Space Pirates, #1)",/book/show/37643470-the-heights-of-perdition
"Tinker, Tailor, Soldier, Spy",/book/show/18989.Tinker_Tailor_Soldier_Spy
Disclosure,/book/show/7675.Disclosure
"A Dance with Dragons (A Song of Ice and Fire, #5)",/book/show/10664113-a-dance-with-dragons
"Searching (The Starlight Chronicles, #0)",/book/show/36949926-searching
"Dragon Ball, Vol. 1: The Monkey King (Dragon Ball, #1)",/book/show/969275.Dragon_Ball_Vol_1
Lone Survivor: The Eyewitness Account of Operation Redwing and the Lost Heroes of SEAL Team 10,/book/show/711901.Lone_Survivor
Slumbering (The Starlight Chronicles #1),/book/show/24263233-slumbering
Clockers,/book/show/45794.Clockers
Midnight Bayou,/book/show/114132.Midnight_Bayou
"Tuesdays with Morrie: An Old Man, a Young Man, and Life's Greatest Lesson",/book/show/578517.Tuesdays_with_Morrie
"The Chocolate War (Chocolate War, #1)",/book/show/17162.The_Chocolate_War
"Live and Let Die (James Bond, #2)",/book/show/3763.Live_and_Let_Die
"A Feast for Crows (A Song of Ice and Fire, #4)",/book/show/13497.A_Feast_for_Crows
"To Sir, With Love",/book/show/895163.To_Sir_With_Love
The Night Listener,/book/show/138180.The_Night_Listener
We Were Soldiers Once... and Young: Ia Drang - The Battle that Changed the War in Vietnam,/book/show/42512.We_Were_Soldiers_Once_and_Young
The Men Who Stare at Goats,/book/show/1824.The_Men_Who_Stare_at_Goats
The Jungle Book,/book/show/1851459.The_Jungle_Book
"A Storm of Swords (A Song of Ice and Fire, #3)",/book/show/62291.A_Storm_of_Swords
"You Only Live Twice (James Bond, #12)",/book/show/3761.You_Only_Live_Twice
"Ask the Dust (The Saga of Arturo Bandini, #3)",/book/show/46227.Ask_the_Dust
Wanted,/book/show/160848.Wanted
The Last of the Mohicans (The Leatherstocking Tales #2),/book/show/38296.The_Last_of_the_Mohicans
Pygmalion,/book/show/7714.Pygmalion
The Sheltering Sky,/book/show/243598.The_Sheltering_Sky
Oscar and Lucinda,/book/show/316496.Oscar_and_Lucinda
"A Knight in Shining Armor (Montgomery/Taggert Family, #13)",/book/show/73385.A_Knight_in_Shining_Armor
"The Descent (Descent, #1)",/book/show/239065.The_Descent
Choke,/book/show/5776.Choke
Falling Angel,/book/show/12787.Falling_Angel
Way of the Peaceful Warrior: A Book That Changes Lives,/book/show/2255.Way_of_the_Peaceful_Warrior
"Divergent Series Complete Box Set (Divergent, #1-3)",/book/show/17383994-divergent-series-complete-box-set
The Man Who Fell to Earth,/book/show/396329.The_Man_Who_Fell_to_Earth
"A Summer to Remember (Bedwyn Prequels, #2)",/book/show/35334.A_Summer_to_Remember
The Holcroft Covenant,/book/show/31233.The_Holcroft_Covenant
The Little Engine That Could,/book/show/824204.The_Little_Engine_That_Could
Stellaluna,/book/show/786256.Stellaluna
Maniac Magee,/book/show/139463.Maniac_Magee
The Brothers Karamazov,/book/show/4934.The_Brothers_Karamazov
The Guardian,/book/show/15925.The_Guardian
The Gormenghast Trilogy: Titus Groan/Gormenghast/Titus Alone,/book/show/6068818-the-gormenghast-trilogy
"Underworld: Evolution (Underworld, #3)",/book/show/33027.Underworld
The Green Berets: The Amazing Story of the U. S. Army's Elite Special Forces Unit,/book/show/1508568.The_Green_Berets
Where Eagles Dare,/book/show/148337.Where_Eagles_Dare
The Wanderers,/book/show/906206.The_Wanderers
The Water is Wide,/book/show/129947.The_Water_is_Wide
Paint it Black,/book/show/33144.Paint_it_Black
"Fruits Basket, Vol. 3",/book/show/836607.Fruits_Basket_Vol_3
Though None Go with Me,/book/show/498153.Though_None_Go_with_Me
Nothing Lasts Forever,/book/show/13272928-nothing-lasts-forever
The Afternoon When She Died,/book/show/20835408-the-afternoon-when-she-died
"Crazy Rich Asians (Crazy Rich Asians, #1)",/book/show/16085481-crazy-rich-asians
Man on Fire (Creasy #1),/book/show/333103.Man_on_Fire
"Fruits Basket, Vol. 4",/book/show/836611.Fruits_Basket_Vol_4
Rise of the Lycans (Underworld #4),/book/show/5520004-rise-of-the-lycans
"The Wiccan Diaries (The Wiccan Diaries, #1)",/book/show/12126366-the-wiccan-diaries
"Brainwashed (Crime Travelers, #1)",/book/show/20734410-brainwashed
"John Dies at the End (John Dies at the End, #1)",/book/show/6364718-john-dies-at-the-end
جاسوس من أجل لا أحد,/book/show/43162768
"Harry Potter and the Sorcerer's Stone (Harry Potter, #1)",/book/show/42844155-harry-potter-and-the-sorcerer-s-stone
Una palabra tuya,/book/show/634464.Una_palabra_tuya
Submerging (The Starlight Chronicles #3),/book/show/29202269-submerging
Before I Die,/book/show/1314332.Before_I_Die
"The Battle of the Labyrinth (Percy Jackson and the Olympians, #4)",/book/show/2120932.The_Battle_of_the_Labyrinth
Rocket Boys (Coalwood #1),/book/show/96642.Rocket_Boys
Message in a Bottle,/book/show/3478.Message_in_a_Bottle
"Angela's Ashes (Frank McCourt, #1)",/book/show/252577.Angela_s_Ashes
"Winnie-the-Pooh (Winnie-the-Pooh, #1)",/book/show/99107.Winnie_the_Pooh
Fight Club,/book/show/5759.Fight_Club
"Catching Fire (The Hunger Games, #2)",/book/show/6148028-catching-fire
The Crucible,/book/show/17250.The_Crucible
Cujo,/book/show/10603.Cujo
Everything Is Illuminated,/book/show/256566.Everything_Is_Illuminated
V for Vendetta,/book/show/5805.V_for_Vendetta
The Name of the Rose,/book/show/119073.The_Name_of_the_Rose
"Chocolat (Chocolat, #1)",/book/show/47401.Chocolat
Mansfield Park,/book/show/45032.Mansfield_Park
Bridge to Terabithia,/book/show/2839.Bridge_to_Terabithia
"The League of Extraordinary Gentlemen, Vol. 1",/book/show/297627.The_League_of_Extraordinary_Gentlemen_Vol_1
The House of the Spirits,/book/show/9328.The_House_of_the_Spirits
Seabiscuit: An American Legend,/book/show/110737.Seabiscuit
In Her Shoes,/book/show/14758.In_Her_Shoes
Fried Green Tomatoes at the Whistle Stop Cafe,/book/show/9375.Fried_Green_Tomatoes_at_the_Whistle_Stop_Cafe
"Eat, Pray, Love: One Woman's Search for Everything Across Italy, India and Indonesia",/book/show/19501.Eat_Pray_Love
The Virgin Suicides,/book/show/10956.The_Virgin_Suicides
Dreamcatcher,/book/show/11570.Dreamcatcher
The Little Mermaid,/book/show/132391.The_Little_Mermaid
John Adams,/book/show/2203.John_Adams
A Monster Calls,/book/show/8621462-a-monster-calls
"Rodrick Rules (Diary of a Wimpy Kid, #2)",/book/show/1809465.Rodrick_Rules
House,/book/show/19747756-house
"The Spy Who Loved Me (James Bond, #10)",/book/show/18455.The_Spy_Who_Loved_Me
"Taltos (Lives of the Mayfair Witches, #3)",/book/show/119091.Taltos
"Gods and Generals (The Civil War Trilogy, #1)",/book/show/449355.Gods_and_Generals
"American Gods (American Gods, #1)",/book/show/4407.American_Gods
"Storm Front (The Dresden Files, #1)",/book/show/764354.Storm_Front
"The Color of Magic (Discworld, #1; Rincewind, #1)",/book/show/34497.The_Color_of_Magic
The Mist,/book/show/813214.The_Mist
The Odessa File,/book/show/149572.The_Odessa_File
"That Was Then, This Is Now",/book/show/33569.That_Was_Then_This_Is_Now
Matchstick Men: A Novel about Grifters with Issues,/book/show/332282.Matchstick_Men
"Blood And Gold (The Vampire Chronicles, #8)",/book/show/31341.Blood_And_Gold
"The Darkest Minds (The Darkest Minds, #1)",/book/show/10576365-the-darkest-minds
The Orchid Thief: A True Story of Beauty and Obsession,/book/show/228345.The_Orchid_Thief
"The Mortal Instruments, the Complete Collection: City of Bones; City of Ashes; City of Glass; City of Fallen Angels; City of Lost Souls; City of Heavenly Fire",/book/show/22892113-the-mortal-instruments-the-complete-collection
Sideways,/book/show/15781.Sideways
"Fruits Basket, Vol. 5",/book/show/528924.Fruits_Basket_Vol_5
"The Last Oracle (Sigma Force, #5)",/book/show/2277444.The_Last_Oracle
"Holy Blood, Holy Grail",/book/show/606818.Holy_Blood_Holy_Grail
Bel-Ami,/book/show/780581.Bel_Ami
Capitães da Areia,/book/show/723456.Capit_es_da_Areia
From the Mixed-Up Files of Mrs. Basil E. Frankweiler,/book/show/3980.From_the_Mixed_Up_Files_of_Mrs_Basil_E_Frankweiler
Thumbsucker,/book/show/30681.Thumbsucker
Sweet Bird of Youth,/book/show/200754.Sweet_Bird_of_Youth
"Freak the Mighty (Freak The Mighty, #1)",/book/show/8953.Freak_the_Mighty
Crazy in Alabama,/book/show/550821.Crazy_in_Alabama
Time Regained,/book/show/28405.Time_Regained
Escape from Memory,/book/show/303073.Escape_from_Memory
Candy Girl: A Year in the Life of an Unlikely Stripper,/book/show/29486.Candy_Girl
Absolute Beginners,/book/show/372556.Absolute_Beginners
"Into the Wild (Warriors, #1)",/book/show/111332.Into_the_Wild
Blindness,/book/show/2526.Blindness
"The Bourne Ultimatum (Jason Bourne, #3)",/book/show/31259.The_Bourne_Ultimatum
"Relic (Pendergast, #1)",/book/show/67035.Relic
"A Game of Thrones (A Song of Ice and Fire, #1)",/book/show/13496.A_Game_of_Thrones
Cheaper by the Dozen,/book/show/764903.Cheaper_by_the_Dozen
A Christmas Carol,/book/show/5326.A_Christmas_Carol
"2001: A Space Odyssey (Space Odyssey, #1)",/book/show/70535.2001
The Fountainhead,/book/show/2122.The_Fountainhead
Shopgirl,/book/show/10873.Shopgirl
Different Seasons,/book/show/39662.Different_Seasons
"Forrest Gump (Forrest Gump, #1)",/book/show/186190.Forrest_Gump
The Stepford Wives,/book/show/52350.The_Stepford_Wives
The French Lieutenant's Woman,/book/show/56034.The_French_Lieutenant_s_Woman
Let the Right One In,/book/show/943402.Let_the_Right_One_In
Hearts in Atlantis,/book/show/11602.Hearts_in_Atlantis
"Love Story (Love Story, #1)",/book/show/73968.Love_Story
Even Cowgirls Get the Blues,/book/show/7572.Even_Cowgirls_Get_the_Blues
Never Let Me Go,/book/show/6334.Never_Let_Me_Go
Animal Farm,/book/show/7613.Animal_Farm
"Stormbreaker (Alex Rider, #1)",/book/show/136782.Stormbreaker
Alive: The Story of the Andes Survivors,/book/show/401514.Alive
"The Sum of All Fears (Jack Ryan, #6)",/book/show/34993.The_Sum_of_All_Fears
"The Borrowers (The Borrowers, #1)",/book/show/348573.The_Borrowers
Smilla's Sense of Snow,/book/show/124509.Smilla_s_Sense_of_Snow
Papillon,/book/show/6882.Papillon
Strip Tease,/book/show/13074.Strip_Tease
"All the Pretty Horses (The Border Trilogy, #1)",/book/show/469571.All_the_Pretty_Horses
Do Androids Dream of Electric Sheep?,/book/show/7082.Do_Androids_Dream_of_Electric_Sheep_
Q & A,/book/show/288644.Q_A
The Accidental Tourist,/book/show/60792.The_Accidental_Tourist
The Tommyknockers,/book/show/17660.The_Tommyknockers
"Anne of Green Gables (Anne of Green Gables, #1)",/book/show/8127.Anne_of_Green_Gables
Cannery Row (Cannery Row #1),/book/show/4799.Cannery_Row
"The Last Unicorn (The Last Unicorn, #1)",/book/show/29127.The_Last_Unicorn
"Angus, Thongs and Full-Frontal Snogging (Confessions of Georgia Nicolson, #1)",/book/show/402013.Angus_Thongs_and_Full_Frontal_Snogging
Battle Royale,/book/show/57891.Battle_Royale
"Neverwhere (London Below, #1)",/book/show/14497.Neverwhere
About a Boy,/book/show/4271.About_a_Boy
Like Water for Chocolate,/book/show/6952.Like_Water_for_Chocolate
"The Sword in the Stone (The Once and Future King, #1)",/book/show/316845.The_Sword_in_the_Stone
"Ender's Game (Ender's Saga, #1)",/book/show/375802.Ender_s_Game
Harriet the Spy (Harriet the Spy #1),/book/show/232576.Harriet_the_Spy
The Diary of a Young Girl,/book/show/48855.The_Diary_of_a_Young_Girl
"The Black Cauldron (The Chronicles of Prydain, #2)",/book/show/24784.The_Black_Cauldron
The Odyssey,/book/show/1381.The_Odyssey
Denali Skies,/book/show/17413424-denali-skies
Black Beauty,/book/show/3685.Black_Beauty
"The Reptile Room (A Series of Unfortunate Events, #2)",/book/show/78418.The_Reptile_Room
"The Black Dahlia (L.A. Quartet, #1)",/book/show/21704.The_Black_Dahlia
Catch Me If You Can: The True Story of a Real Fake,/book/show/138269.Catch_Me_If_You_Can
The Postman,/book/show/889284.The_Postman
"Mary Poppins (Mary Poppins, #1)",/book/show/152380.Mary_Poppins
300,/book/show/59952.300
The Chamber,/book/show/5355.The_Chamber
The Dead Zone,/book/show/11573.The_Dead_Zone
One Day,/book/show/6280118-one-day
The First Wives Club,/book/show/202292.The_First_Wives_Club
Sybil: The Classic True Story of a Woman Possessed by Sixteen Personalities,/book/show/67920.Sybil
"The Girl Who Kicked the Hornet's Nest (Millennium, #3)",/book/show/6892870-the-girl-who-kicked-the-hornet-s-nest
"The Girl Who Played with Fire (Millennium, #2)",/book/show/5060378-the-girl-who-played-with-fire
"A Clash of Kings  (A Song of Ice and Fire, #2)",/book/show/10572.A_Clash_of_Kings
"Sookie Stackhouse 7-copy Boxed Set (Sookie Stackhouse, #1-7)",/book/show/4902793-sookie-stackhouse-7-copy-boxed-set
Waiting to Exhale (Waiting To Exhale #1),/book/show/122212.Waiting_to_Exhale
Life of Pi,/book/show/4214.Life_of_Pi
Absolute Power,/book/show/15159.Absolute_Power
Out of Africa,/book/show/781787.Out_of_Africa
Gone Girl,/book/show/19288043-gone-girl
The Lucky One,/book/show/3063499-the-lucky-one
"Baby-Sitters Club Boxed Set #1 (The Baby-Sitters Club, #1-4)",/book/show/38418.Baby_Sitters_Club_Boxed_Set_1
Black Hawk Down: A Story of Modern War,/book/show/55403.Black_Hawk_Down
Under the Tuscan Sun,/book/show/480479.Under_the_Tuscan_Sun
Valley of the Dolls,/book/show/581811.Valley_of_the_Dolls
Schindler's List,/book/show/375013.Schindler_s_List
"Good in Bed (Cannie Shapiro, #1)",/book/show/14748.Good_in_Bed
The Body,/book/show/11574.The_Body
"A Girl of the Limberlost (Limberlost, #2)",/book/show/17567.A_Girl_of_the_Limberlost
Summer of the Monkeys,/book/show/10372.Summer_of_the_Monkeys
"Fifty Shades of Grey (Fifty Shades, #1)",/book/show/10818853-fifty-shades-of-grey
On the Beach,/book/show/38180.On_the_Beach
The Pact,/book/show/10916.The_Pact
The Invention of Hugo Cabret,/book/show/9673436-the-invention-of-hugo-cabret
Smiley's People (George Smiley #7; Karla Trilogy #3),/book/show/18999.Smiley_s_People
"The Last Wish (The Witcher, #0.5)",/book/show/1128434.The_Last_Wish
Charly,/book/show/411449.Charly
Snow Flower and the Secret Fan,/book/show/1103.Snow_Flower_and_the_Secret_Fan
I Capture the Castle,/book/show/31122.I_Capture_the_Castle
"Daddy-Long-Legs (Daddy-Long-Legs, #1)",/book/show/1499952.Daddy_Long_Legs
Jude the Obscure,/book/show/50798.Jude_the_Obscure
The Quiet American,/book/show/3698.The_Quiet_American
Exodus,/book/show/42697.Exodus
"The Black Stallion (The Black Stallion, #1)",/book/show/272895.The_Black_Stallion
"Something Borrowed (Darcy & Rachel, #1)",/book/show/42156.Something_Borrowed
The Basketball Diaries,/book/show/682745.The_Basketball_Diaries
Seven Years in Tibet,/book/show/270032.Seven_Years_in_Tibet
The Rules of Attraction,/book/show/9912.The_Rules_of_Attraction
"The Deep End of the Ocean (Cappadora Family, #1)",/book/show/5161.The_Deep_End_of_the_Ocean
The Velveteen Rabbit,/book/show/144974.The_Velveteen_Rabbit
The Hunchback of Notre-Dame,/book/show/30597.The_Hunchback_of_Notre_Dame
From Here to Eternity,/book/show/116114.From_Here_to_Eternity
Just Listen,/book/show/51738.Just_Listen
For Whom the Bell Tolls,/book/show/46170.For_Whom_the_Bell_Tolls
The House of Mirth,/book/show/17728.The_House_of_Mirth
A Year in Provence,/book/show/40189.A_Year_in_Provence
Blue Smoke,/book/show/114184.Blue_Smoke
"Patriot Games (Jack Ryan, #1)",/book/show/32682.Patriot_Games
The Call of the Wild,/book/show/1852.The_Call_of_the_Wild
A Simple Plan,/book/show/21727.A_Simple_Plan
"Gorky Park (Arkady Renko, #1)",/book/show/762806.Gorky_Park
Intensity,/book/show/32439.Intensity
Endless Love,/book/show/61008.Endless_Love
The Phantom Tollbooth,/book/show/378.The_Phantom_Tollbooth
Bartleby the Scrivener,/book/show/114230.Bartleby_the_Scrivener
"The Outsider (Roswell High, #1)",/book/show/176178.The_Outsider
Candy,/book/show/29488.Candy
"Neuromancer (Sprawl, #1)",/book/show/22328.Neuromancer
Extremely Loud & Incredibly Close,/book/show/4588.Extremely_Loud_Incredibly_Close
"The Ruby in the Smoke (Sally Lockhart, #1)",/book/show/114982.The_Ruby_in_the_Smoke
The Age of Innocence,/book/show/53835.The_Age_of_Innocence
Factotum,/book/show/497199.Factotum
Love in the Time of Cholera,/book/show/9712.Love_in_the_Time_of_Cholera
In Cold Blood,/book/show/168642.In_Cold_Blood
"I Am Number Four (Lorien Legacies, #1)",/book/show/7747374-i-am-number-four
The Unbearable Lightness of Being,/book/show/9717.The_Unbearable_Lightness_of_Being
"The Voyage of the Dawn Treader (Chronicles of Narnia, #3)",/book/show/140225.The_Voyage_of_the_Dawn_Treader
Choke,/book/show/29059.Choke
American Psycho,/book/show/28676.American_Psycho
Snow Falling on Cedars,/book/show/77142.Snow_Falling_on_Cedars
"The Power of One (The Power of One, #1)",/book/show/122.The_Power_of_One
"Kiss the Girls (Alex Cross, #2)",/book/show/13148.Kiss_the_Girls
Horton Hears a Who!,/book/show/7779.Horton_Hears_a_Who_
"A Time to Kill (Jake Brigance, #1)",/book/show/32542.A_Time_to_Kill
Heidi,/book/show/93.Heidi
"The Bourne Supremacy (Jason Bourne, #2)",/book/show/15769.The_Bourne_Supremacy
The Running Man,/book/show/11607.The_Running_Man
Nights in Rodanthe,/book/show/15926.Nights_in_Rodanthe
House of Sand and Fog,/book/show/359770.House_of_Sand_and_Fog
The Exorcist,/book/show/179780.The_Exorcist
The Hours,/book/show/11899.The_Hours
"The Hunt for Red October (Jack Ryan, #3)",/book/show/19691.The_Hunt_for_Red_October
A Prayer for Owen Meany,/book/show/4473.A_Prayer_for_Owen_Meany
The Iliad,/book/show/1371.The_Iliad
A Midsummer Night's Dream,/book/show/1622.A_Midsummer_Night_s_Dream
The Boy in the Striped Pajamas,/book/show/39999.The_Boy_in_the_Striped_Pajamas
Speak,/book/show/439288.Speak
"Hannibal (Hannibal Lecter, #3)",/book/show/32418.Hannibal
"Beautiful Creatures (Caster Chronicles, #1)",/book/show/6304335-beautiful-creatures
Macbeth,/book/show/8852.Macbeth
"Mrs. Frisby and the Rats of NIMH (Rats of NIMH, #1)",/book/show/9822.Mrs_Frisby_and_the_Rats_of_NIMH
The Bonfire of the Vanities,/book/show/2666.The_Bonfire_of_the_Vanities
"A Wizard of Earthsea (Earthsea Cycle, #1)",/book/show/13642.A_Wizard_of_Earthsea
Battlefield Earth: A Saga of the Year 3000,/book/show/769658.Battlefield_Earth
Corelli's Mandolin,/book/show/3388.Corelli_s_Mandolin
The Adventures of Huckleberry Finn,/book/show/2956.The_Adventures_of_Huckleberry_Finn
"Clear and Present Danger (Jack Ryan, #5; Jack Ryan Universe, #6)",/book/show/32669.Clear_and_Present_Danger
The English Patient,/book/show/11713.The_English_Patient
"Cloudy With a Chance of Meatballs (Cloudy with a Chance of Meatballs, #1)",/book/show/8073.Cloudy_With_a_Chance_of_Meatballs
"Beastly (Beastly, #1; Kendra Chronicles, #1)",/book/show/544891.Beastly
And Then There Were None,/book/show/16299.And_Then_There_Were_None
Possession,/book/show/41219.Possession
The Martian,/book/show/18007564-the-martian
We Need to Talk About Kevin,/book/show/80660.We_Need_to_Talk_About_Kevin
"Hogfather (Discworld, #20; Death, #4)",/book/show/34532.Hogfather
"The Killer Angels (The Civil War Trilogy, #2)",/book/show/682804.The_Killer_Angels
Little Men,/book/show/78950.Little_Men
Ice Station Zebra,/book/show/149621.Ice_Station_Zebra
A Tree Grows in Brooklyn,/book/show/14891.A_Tree_Grows_in_Brooklyn
"Like a Fire Burning (The Work and the Glory, #2)",/book/show/450836.Like_a_Fire_Burning
"Dances with Wolves (Dances with Wolves, #1)",/book/show/543339.Dances_with_Wolves
Tess of the D'Urbervilles,/book/show/32261.Tess_of_the_D_Urbervilles
The Vampire's Assistant (Cirque du Freak #2),/book/show/8965.The_Vampire_s_Assistant
Johnny Tremain,/book/show/816870.Johnny_Tremain
"Gone, Baby, Gone (Kenzie & Gennaro, #4)",/book/show/425123.Gone_Baby_Gone
Madeline,/book/show/475339.Madeline
"Shiloh (Shiloh, #1)",/book/show/207153.Shiloh
Island of the Blue Dolphins,/book/show/233818.Island_of_the_Blue_Dolphins
The Remains of the Day,/book/show/28921.The_Remains_of_the_Day
The Girl on the Train,/book/show/22557272-the-girl-on-the-train
A Tale of Two Cities,/book/show/1953.A_Tale_of_Two_Cities
"Abraham Lincoln: Vampire Hunter (Abraham Lincoln: Vampire Hunter, #1)",/book/show/7108001-abraham-lincoln
"Miss Peregrine's Home for Peculiar Children (Miss Peregrine's Peculiar Children, #1)",/book/show/9460487-miss-peregrine-s-home-for-peculiar-children
It's Kind of a Funny Story,/book/show/248704.It_s_Kind_of_a_Funny_Story
Sleepers,/book/show/292740.Sleepers
The Talented Mr. Ripley / Ripley Under Ground / Ripley's Game,/book/show/156023.The_Talented_Mr_Ripley_Ripley_Under_Ground_Ripley_s_Game
The Swiss Family Robinson,/book/show/62111.The_Swiss_Family_Robinson
Sarah's Key,/book/show/556602.Sarah_s_Key
Solaris,/book/show/95558.Solaris
"Darkly Dreaming Dexter (Dexter, #1)",/book/show/17231.Darkly_Dreaming_Dexter
In the Time of the Butterflies,/book/show/11206.In_the_Time_of_the_Butterflies
All Quiet on the Western Front,/book/show/355697.All_Quiet_on_the_Western_Front
"Girls in Pants: The Third Summer of the Sisterhood (Sisterhood, #3)",/book/show/5452.Girls_in_Pants
"Goldfinger (James Bond, #7)",/book/show/3759.Goldfinger
"The Murder of Roger Ackroyd (Hercule Poirot, #4)",/book/show/16328.The_Murder_of_Roger_Ackroyd
The Witches of Eastwick,/book/show/217518.The_Witches_of_Eastwick
A Room with a View,/book/show/253641.A_Room_with_a_View
"Tomorrow, When the War Began (Tomorrow, #1)",/book/show/71865.Tomorrow_When_the_War_Began
Tell No One,/book/show/43933.Tell_No_One
Dr. Jekyll and Mr. Hyde,/book/show/51496.Dr_Jekyll_and_Mr_Hyde
Moby-Dick,/book/show/2390.Moby_Dick
Beaches,/book/show/1219954.Beaches
"The Secret (The Secret, #1)",/book/show/52529.The_Secret
Pay It Forward,/book/show/215631.Pay_It_Forward
"A Princess of Mars (Barsoom, #1)",/book/show/40395.A_Princess_of_Mars
The Lord of the Rings,/book/show/33.The_Lord_of_the_Rings
A Scanner Darkly,/book/show/14817.A_Scanner_Darkly
The Hellbound Heart,/book/show/52635.The_Hellbound_Heart
"Everything, Everything",/book/show/18692431-everything-everything
The Juror,/book/show/1589721.The_Juror
"The Soloist: A Lost Dream, an Unlikely Friendship, and the Redemptive Power of Music",/book/show/3272968-the-soloist
Donnie Brasco,/book/show/308251.Donnie_Brasco
He's Just Not That Into You: The No-Excuses Truth to Understanding Guys,/book/show/10412.He_s_Just_Not_That_Into_You
"Doctor No (James Bond, #6)",/book/show/3757.Doctor_No
Hoot,/book/show/13083.Hoot
"Memnoch the Devil (The Vampire Chronicles, #5)",/book/show/31338.Memnoch_the_Devil
Heart of Darkness,/book/show/4900.Heart_of_Darkness
Bless the Beasts and Children,/book/show/303801.Bless_the_Beasts_and_Children
Doctor Zhivago,/book/show/130440.Doctor_Zhivago
A Bend in the Road,/book/show/3463.A_Bend_in_the_Road
The Flanders Panel,/book/show/11031.The_Flanders_Panel
The Merchant of Venice,/book/show/24128.The_Merchant_of_Venice
Red Riding Hood,/book/show/9349915-red-riding-hood
The Hundred and One Dalmatians / The Starlight Barking (The Hundred and One Dalmatians #1-2),/book/show/4838228-the-hundred-and-one-dalmatians-the-starlight-barking
The Jungle Book,/book/show/77270.The_Jungle_Book
"Blood Canticle (The Vampire Chronicles, #10)",/book/show/31331.Blood_Canticle
The Last Picture Show,/book/show/50051.The_Last_Picture_Show
Plain Truth,/book/show/14864.Plain_Truth
Vampire Blood Trilogy,/book/show/164726.Vampire_Blood_Trilogy
"The Scorch Trials (The Maze Runner, #2)",/book/show/7631105-the-scorch-trials
The Sand Pebbles,/book/show/815854.The_Sand_Pebbles
The Grapes of Wrath,/book/show/18114322-the-grapes-of-wrath
Needful Things,/book/show/107291.Needful_Things
Persuasion,/book/show/2156.Persuasion
The Fault in Our Stars,/book/show/11870085-the-fault-in-our-stars
"The Indian in the Cupboard (The Indian in the Cupboard, #1)",/book/show/125404.The_Indian_in_the_Cupboard
"The Spiderwick Chronicles Box Set (The Spiderwick Chronicles, #1-5)",/book/show/103386.The_Spiderwick_Chronicles_Box_Set
Slaughterhouse-Five,/book/show/4981.Slaughterhouse_Five
The Book Thief,/book/show/19063.The_Book_Thief
Fear and Loathing in Las Vegas,/book/show/7745.Fear_and_Loathing_in_Las_Vegas
Nick & Norah's Infinite Playlist,/book/show/25373.Nick_Norah_s_Infinite_Playlist
The Phantom of the Opera,/book/show/480204.The_Phantom_of_the_Opera
Flowers for Algernon,/book/show/18373.Flowers_for_Algernon
"Jumper (Jumper, #1)",/book/show/47970.Jumper
The Rainmaker,/book/show/5349.The_Rainmaker
Breakfast at Tiffany's and Three Stories,/book/show/251688.Breakfast_at_Tiffany_s_and_Three_Stories
"Girl, Interrupted",/book/show/68783.Girl_Interrupted
Peter Pan,/book/show/34268.Peter_Pan
"The Maze Runner (The Maze Runner, #1)",/book/show/6186357-the-maze-runner
"The Second Summer of the Sisterhood (Sisterhood, #2)",/book/show/5454.The_Second_Summer_of_the_Sisterhood
Brave New World,/book/show/5129.Brave_New_World
The Children of Men,/book/show/41913.The_Children_of_Men
"Pillar of Light (The Work and the Glory, #1)",/book/show/625554.Pillar_of_Light
The Perks of Being a Wallflower,/book/show/22628.The_Perks_of_Being_a_Wallflower
Into the Wild,/book/show/1845.Into_the_Wild
The Thorn Birds,/book/show/3412.The_Thorn_Birds
Oliver Twist,/book/show/18254.Oliver_Twist
The Road,/book/show/6288.The_Road
Alice in Wonderland,/book/show/13023.Alice_in_Wonderland
"Practical Magic (Practical Magic, #1)",/book/show/22896.Practical_Magic
"The Bone Collector (Lincoln Rhyme, #1)",/book/show/2373.The_Bone_Collector
"One for the Money (Stephanie Plum, #1)",/book/show/6853.One_for_the_Money
"Vampire Academy (Vampire Academy, #1)",/book/show/31126769-vampire-academy
The Island of Dr. Moreau,/book/show/29981.The_Island_of_Dr_Moreau
"The Andromeda Strain (Andromeda, #1)",/book/show/7670.The_Andromeda_Strain
The Amityville Horror,/book/show/293101.The_Amityville_Horror
The Thief Lord,/book/show/113304.The_Thief_Lord
Contact,/book/show/61666.Contact
Crossing the Seas: A Diary of My Thoughts,/book/show/16243767-crossing-the-seas
Mystic River,/book/show/21671.Mystic_River
Northanger Abbey,/book/show/50398.Northanger_Abbey
Fast Food Nation: The Dark Side of the All-American Meal,/book/show/1097.Fast_Food_Nation
"Hamlet: Screenplay, Introduction And Film Diary",/book/show/117251.Hamlet
"Diamonds Are Forever (James Bond, #4)",/book/show/3760.Diamonds_Are_Forever
"I Love You, Beth Cooper",/book/show/378579.I_Love_You_Beth_Cooper
Terms of Endearment,/book/show/63461.Terms_of_Endearment
"Youth in Revolt: The Journals of Nick Twisp, Book One",/book/show/10050.Youth_in_Revolt
The Crow,/book/show/97486.The_Crow
"Inferno (Robert Langdon, #4)",/book/show/17212231-inferno
"Freckles (Limberlost, #1)",/book/show/381608.Freckles
Eugene Onegin,/book/show/27822.Eugene_Onegin
Desperation,/book/show/10584.Desperation
"The Adventures of Sherlock Holmes (Sherlock Holmes, #3)",/book/show/3590.The_Adventures_of_Sherlock_Holmes
"Lasher (Lives of the Mayfair Witches, #2)",/book/show/31340.Lasher
Bringing Down the House: The Inside Story of Six M.I.T. Students Who Took Vegas for Millions,/book/show/514313.Bringing_Down_the_House
"Murder on the Orient Express (Hercule Poirot, #10)",/book/show/853510.Murder_on_the_Orient_Express
"Mockingjay (The Hunger Games, #3)",/book/show/7260188-mockingjay
The Reader,/book/show/101299.The_Reader
Watchers,/book/show/32423.Watchers
The Ruins,/book/show/21726.The_Ruins
World War Z: An Oral History of the Zombie War,/book/show/8908.World_War_Z
"The Pillars of the Earth (Kingsbridge, #1)",/book/show/5043.The_Pillars_of_the_Earth
"The Giver (The Giver, #1)",/book/show/3636.The_Giver
The Hotel New Hampshire,/book/show/11768.The_Hotel_New_Hampshire
"Insurgent (Divergent, #2)",/book/show/11735983-insurgent
Othello,/book/show/12996.Othello
Journey to the Center of the Earth,/book/show/32829.Journey_to_the_Center_of_the_Earth
Lonesome Dove (Lonesome Dove #1),/book/show/256008.Lonesome_Dove
The Lorax,/book/show/7784.The_Lorax
Shutter Island,/book/show/21686.Shutter_Island
Anna Karenina,/book/show/15823480-anna-karenina
Dolores Claiborne,/book/show/10625.Dolores_Claiborne
"The Good Earth (House of Earth, #1)",/book/show/1078.The_Good_Earth
"The First Four Years  (Little House, #9)",/book/show/8296.The_First_Four_Years
"Little Town on the Prairie  (Little House, #7)",/book/show/8253.Little_Town_on_the_Prairie
"On the Banks of Plum Creek (Little House, #4)",/book/show/7882.On_the_Banks_of_Plum_Creek
Airport,/book/show/124918.Airport
Confessions of an Ugly Stepsister,/book/show/18943.Confessions_of_an_Ugly_Stepsister
"These Happy Golden Years (Little House, #8)",/book/show/77770.These_Happy_Golden_Years
"Pronto (Raylan Givens, #1)",/book/show/85211.Pronto
The Last Convertible,/book/show/111831.The_Last_Convertible
Raylan,/book/show/12037108-raylan
"Fantômas (Fantômas, #1)",/book/show/657537.Fant_mas
"The Hot Kid (Carl Webster, #1)",/book/show/85207.The_Hot_Kid
Going All the Way,/book/show/1408850.Going_All_the_Way
"By the Shores of Silver Lake  (Little House, #5)",/book/show/8248.By_the_Shores_of_Silver_Lake
The Taming of the Shrew,/book/show/47021.The_Taming_of_the_Shrew
Maximum Bob,/book/show/288957.Maximum_Bob
Pleading Guilty (Kindle County Legal Thriller #3),/book/show/4684.Pleading_Guilty
"The Sea of Monsters (Percy Jackson and the Olympians, #2)",/book/show/31823008-the-sea-of-monsters
The Discovery of Heaven,/book/show/88389.The_Discovery_of_Heaven
"Fruits Basket, Vol. 6",/book/show/1120825.Fruits_Basket_Vol_6
El inquisidor,/book/show/1682248.El_inquisidor
An Inspector Calls,/book/show/900676.An_Inspector_Calls
Foxfire: Confessions of a Girl Gang,/book/show/156222.Foxfire
The Hundred Dresses,/book/show/42369.The_Hundred_Dresses
Twelve Years a Slave,/book/show/18478222-twelve-years-a-slave
Gray Hawk of Terrapin,/book/show/36219542-gray-hawk-of-terrapin
Someone Was Watching,/book/show/1510947.Someone_Was_Watching
Hideous Kinky,/book/show/283786.Hideous_Kinky
Fluke,/book/show/459822.Fluke
"Harry Potter and the Chamber of Secrets (Harry Potter, #2)",/book/show/28141183-harry-potter-and-the-chamber-of-secrets
Suddenly Last Summer,/book/show/161915.Suddenly_Last_Summer
"Get Shorty (Chili Palmer, #1)",/book/show/702539.Get_Shorty
"Burned (Fever, #7)",/book/show/12444297-burned
"The Long Winter (Little House, #6)",/book/show/8282.The_Long_Winter
Hunger Point,/book/show/353465.Hunger_Point
"Fruits Basket, Vol. 7",/book/show/877752.Fruits_Basket_Vol_7
First Blood,/book/show/113110.First_Blood
If Only It Were True,/book/show/386887.If_Only_It_Were_True
High Noon,/book/show/3369993-high-noon
Disappearing Acts,/book/show/122211.Disappearing_Acts
What the Deaf-Mute Heard,/book/show/1237825.What_the_Deaf_Mute_Heard
30 Days of Night: Official Novelization of The Film,/book/show/289294.30_Days_of_Night
Legion,/book/show/219362.Legion
Running Out of Time,/book/show/227658.Running_Out_of_Time
"The Hound of the Baskervilles (Sherlock Holmes, #5)",/book/show/8921.The_Hound_of_the_Baskervilles
"Harry Potter and the Prisoner of Azkaban (Harry Potter, #3)",/book/show/28143415-harry-potter-and-the-prisoner-of-azkaban
"Fruits Basket, Vol. 8",/book/show/856937.Fruits_Basket_Vol_8
Paper Moon,/book/show/232965.Paper_Moon
Under the Volcano,/book/show/31072.Under_the_Volcano
"The Lying Game (The Lying Game, #1)",/book/show/8428069-the-lying-game
Eloise,/book/show/782854.Eloise
Kick-Ass,/book/show/7739304-kick-ass
Nausicaä of the Valley of Wind: Perfect Collection Boxed Set,/book/show/732141.Nausica_of_the_Valley_of_Wind
"Love, Rosie",/book/show/147865.Love_Rosie
"Fruits Basket, Vol. 10",/book/show/836610.Fruits_Basket_Vol_10
"Harry Potter and the Goblet of Fire (Harry Potter, #4)",/book/show/28137887-harry-potter-and-the-goblet-of-fire
The Ice Storm,/book/show/15374.The_Ice_Storm
Sounder,/book/show/598117.Sounder
The Redemption of Sarah Cain,/book/show/918895.The_Redemption_of_Sarah_Cain
"The Man With the Golden Gun (James Bond, #13)",/book/show/177193.The_Man_With_the_Golden_Gun
Dark Places,/book/show/21546135-dark-places
Resident Evil: Extinction,/book/show/221280.Resident_Evil
"Fruits Basket, Vol. 9",/book/show/836609.Fruits_Basket_Vol_9
The Ghost,/book/show/895185.The_Ghost
"Six's Legacy (Lorien Legacies: The Lost Files, #1)",/book/show/11473506-six-s-legacy
"Harry Potter and the Order of the Phoenix (Harry Potter, #5)",/book/show/28780969-harry-potter-and-the-order-of-the-phoenix
The Far Pavilions,/book/show/10222.The_Far_Pavilions
"The Search for Sam (Lorien Legacies: The Lost Files, #4)",/book/show/15752308-the-search-for-sam
"Fruits Basket, Vol. 11",/book/show/836608.Fruits_Basket_Vol_11
Crimson Rivers,/book/show/161503.Crimson_Rivers
"Fruits Basket, Vol. 20",/book/show/1586905.Fruits_Basket_Vol_20
The Chronicles of Riddick,/book/show/35126.The_Chronicles_of_Riddick
The Big Sleep,/book/show/2052.The_Big_Sleep
The Great Train Robbery,/book/show/7682.The_Great_Train_Robbery
"Tintin in America (Tintin, #3 )",/book/show/790192.Tintin_in_America
"Pretty Little Liars (Pretty Little Liars, #1)",/book/show/162085.Pretty_Little_Liars
"The Drawing of the Three (The Dark Tower, #2)",/book/show/5094.The_Drawing_of_the_Three
The End of Eternity,/book/show/509784.The_End_of_Eternity
Eye of the Needle,/book/show/92364.Eye_of_the_Needle
Treasure Island,/book/show/295.Treasure_Island
Critical Studies: The Great Gatsby,/book/show/4673.Critical_Studies
American Hardcore: A Tribal History,/book/show/98542.American_Hardcore
"Chitty Chitty Bang Bang (Chitty Chitty Bang Bang, #1)",/book/show/576335.Chitty_Chitty_Bang_Bang
"Aliens vs. Predator: Prey (Aliens Vs. Predator, # 1)",/book/show/123586.Aliens_vs_Predator
"The Scarlet Pimpernel (The Scarlet Pimpernel, #1)",/book/show/764350.The_Scarlet_Pimpernel
"To All the Boys I've Loved Before (To All the Boys I've Loved Before, #1)",/book/show/15749186-to-all-the-boys-i-ve-loved-before
The Canterbury Tales,/book/show/2696.The_Canterbury_Tales
Cold Comfort Farm,/book/show/92780.Cold_Comfort_Farm
1776,/book/show/1067.1776
"The Lincoln Lawyer (Mickey Haller, #1; Harry Bosch Universe, #15)",/book/show/79885.The_Lincoln_Lawyer
The Curious Case of Benjamin Button,/book/show/747746.The_Curious_Case_of_Benjamin_Button
"Fruits Basket, Vol. 21",/book/show/1854354.Fruits_Basket_Vol_21
Handle with Care,/book/show/3720975-handle-with-care
"The Last Straw (Diary of a Wimpy Kid, #3)",/book/show/3293821-the-last-straw
Jonathan Strange & Mr Norrell,/book/show/14201.Jonathan_Strange_Mr_Norrell
Tick Tock,/book/show/281433.Tick_Tock
"Conan the Destroyer (Conan, #6)",/book/show/152242.Conan_the_Destroyer
The Masque of the Red Death,/book/show/204779.The_Masque_of_the_Red_Death
The Day of the Locust,/book/show/113441.The_Day_of_the_Locust
"Hangman's Curse (Veritas Project, #1)",/book/show/327684.Hangman_s_Curse
"The Face on the Milk Carton (Janie Johnson, #1)",/book/show/19469.The_Face_on_the_Milk_Carton
The Dive from Clausen's Pier,/book/show/16059.The_Dive_from_Clausen_s_Pier
The Caine Mutiny,/book/show/368772.The_Caine_Mutiny
Big Little Lies,/book/show/33516773-big-little-lies
Vanishing Acts,/book/show/14865.Vanishing_Acts
Her Fearful Symmetry,/book/show/6202342-her-fearful-symmetry
"The Little House Collection (Little House, #1-9)",/book/show/114345.The_Little_House_Collection
Johnny Mnemonic,/book/show/313998.Johnny_Mnemonic
"The Complete Persepolis (Persepolis, #1-4)",/book/show/991197.The_Complete_Persepolis
The Thin Man,/book/show/80616.The_Thin_Man
Birdsong: A Novel of Love and War,/book/show/6259.Birdsong
Night Shift,/book/show/10628.Night_Shift
Starman,/book/show/2519686.Starman
"Love's Abiding Joy (Love Comes Softly, #4)",/book/show/233820.Love_s_Abiding_Joy
Rising Sun,/book/show/7668.Rising_Sun
"Tsubasa: Those with Wings, Omnibus 1",/book/show/6080796-tsubasa
"My Friend Flicka (Flicka, #1)",/book/show/164542.My_Friend_Flicka
"Love's Long Journey (Love Comes Softly, #3)",/book/show/65484.Love_s_Long_Journey
"Mandie and the Cherokee Legend (Mandie, #2)",/book/show/508249.Mandie_and_the_Cherokee_Legend
"The Cater Street Hangman (Charlotte & Thomas Pitt, #1)",/book/show/853180.The_Cater_Street_Hangman
Beast,/book/show/825282.Beast
"Love Comes Softly (Love Comes Softly, #1)",/book/show/65497.Love_Comes_Softly
The Sound and the Fury,/book/show/10975.The_Sound_and_the_Fury
Nicholas and Alexandra,/book/show/133486.Nicholas_and_Alexandra
"Mandie and the Secret Tunnel (Mandie, #1)",/book/show/156171.Mandie_and_the_Secret_Tunnel
"For Your Eyes Only (James Bond, #8)",/book/show/314263.For_Your_Eyes_Only
Billy Bathgate,/book/show/871284.Billy_Bathgate
"Harry Potter and the Half-Blood Prince (Harry Potter, #6)",/book/show/28767931-harry-potter-and-the-half-blood-prince
"Fruits Basket, Vol. 12",/book/show/244813.Fruits_Basket_Vol_12
"Romulus, My Father",/book/show/432450.Romulus_My_Father
"Harry Potter and the Deathly Hallows (Harry Potter, #7)",/book/show/28143118-harry-potter-and-the-deathly-hallows
How to Deal,/book/show/295406.How_to_Deal
Less Than Zero,/book/show/9915.Less_Than_Zero
The Death and Life of Charlie St. Cloud,/book/show/831890.The_Death_and_Life_of_Charlie_St_Cloud
"Fruits Basket, Vol. 13",/book/show/46911.Fruits_Basket_Vol_13
The Zookeeper's Wife,/book/show/32722510-the-zookeeper-s-wife
Poison,/book/show/1060562.Poison
A Christmas Carol and Other Christmas Writings,/book/show/5338.A_Christmas_Carol_and_Other_Christmas_Writings
Tex,/book/show/8534354-tex
The Fault in Our Stars,/book/show/25856606-the-fault-in-our-stars
Room,/book/show/7937843-room
The Diving Bell and the Butterfly,/book/show/193755.The_Diving_Bell_and_the_Butterfly
Minority Report and Other Stories,/book/show/534004.Minority_Report_and_Other_Stories
Holy Bible: New International Version,/book/show/280111.Holy_Bible
Apt Pupil,/book/show/10618.Apt_Pupil
"Fruits Basket, Vol. 14",/book/show/46908.Fruits_Basket_Vol_14
"Fruits Basket, Vol. 15",/book/show/46906.Fruits_Basket_Vol_15
Out of Sight,/book/show/288962.Out_of_Sight
The Day of the Jackal,/book/show/540020.The_Day_of_the_Jackal
"Fruits Basket, Vol. 16",/book/show/244812.Fruits_Basket_Vol_16
Steve Jobs,/book/show/11084145-steve-jobs
Momo,/book/show/68811.Momo
North and South,/book/show/15838762-north-and-south
"Fruits Basket, Vol. 17",/book/show/271198.Fruits_Basket_Vol_17
The Sun Also Rises,/book/show/3876.The_Sun_Also_Rises
The Gangs of New York: An Informal History of the Underworld,/book/show/4491321-the-gangs-of-new-york
The Truth About Forever,/book/show/51737.The_Truth_About_Forever
"The Big Bounce (Jack Ryan, #1)",/book/show/313929.The_Big_Bounce
Annihilation,/book/show/17934530-annihilation
"Good Omens: The Nice and Accurate Prophecies of Agnes Nutter, Witch",/book/show/12067.Good_Omens
"Here Be Dragons (Welsh Princes, #1)",/book/show/77449.Here_Be_Dragons
Katherine,/book/show/33609.Katherine
Random Harvest,/book/show/413618.Random_Harvest
I Am the Cheese,/book/show/48974.I_Am_the_Cheese
Shrek!,/book/show/843550.Shrek_
"Scott Pilgrim's Precious Little Life (Scott Pilgrim, #1)",/book/show/7942604-scott-pilgrim-s-precious-little-life
"The Talented Mr. Ripley (Ripley, #1)",/book/show/156024.The_Talented_Mr_Ripley
"Redwall (Redwall, #1)",/book/show/423098.Redwall
Emma,/book/show/46769.Emma
Little Big Man,/book/show/50667.Little_Big_Man
A Walk in the Woods: Rediscovering America on the Appalachian Trail,/book/show/9791.A_Walk_in_the_Woods
"Fruits Basket, Vol. 18",/book/show/271244.Fruits_Basket_Vol_18
The Long Goodbye,/book/show/2054.The_Long_Goodbye
"Fruits Basket, Vol. 19",/book/show/1258027.Fruits_Basket_Vol_19
Jurassic Park III,/book/show/1668267.Jurassic_Park_III
"Destiny of the Republic: A Tale of Madness, Medicine and the Murder of a President",/book/show/10335318-destiny-of-the-republic
The Old Man and the Sea,/book/show/2165.The_Old_Man_and_the_Sea
Riding the Rap,/book/show/166857.Riding_the_Rap
Of Human Bondage,/book/show/31548.Of_Human_Bondage
Civil War: A Marvel Comics Event,/book/show/91714.Civil_War
Batman: The Killing Joke,/book/show/96358.Batman
The Golden Chance,/book/show/186856.The_Golden_Chance
Mother Night,/book/show/9592.Mother_Night
Stay Close,/book/show/11737271-stay-close
Off Season,/book/show/10180402-off-season
"Be Cool (Chili Palmer, #2)",/book/show/288973.Be_Cool
Riding in Cars with Boys,/book/show/139668.Riding_in_Cars_with_Boys
The Murder on the Links,/book/show/639787.The_Murder_on_the_Links
The Secret Of NIMH,/book/show/417644.The_Secret_Of_NIMH
Freaky Deaky,/book/show/288965.Freaky_Deaky
Enemy Mine,/book/show/1534509.Enemy_Mine
The Circle,/book/show/18302455-the-circle
Christy,/book/show/229123.Christy
"Bunnicula Strikes Again! (Bunnicula, #6)",/book/show/281236.Bunnicula_Strikes_Again_
On the Night of the Seventh Moon,/book/show/311034.On_the_Night_of_the_Seventh_Moon
"Rich Man, Poor Man",/book/show/315519.Rich_Man_Poor_Man
Maneater,/book/show/258950.Maneater
Mirror Image,/book/show/685788.Mirror_Image
"Assassin's Apprentice (Farseer Trilogy, #1)",/book/show/45107.Assassin_s_Apprentice
The Autobiography of Malcolm X,/book/show/92057.The_Autobiography_of_Malcolm_X
"From Russia With Love (James Bond, #5)",/book/show/3764.From_Russia_With_Love
Alien Nation,/book/show/35180.Alien_Nation
The Vow,/book/show/15756702-the-vow
Edge of Tomorrow,/book/show/21926692-edge-of-tomorrow
Waking the Dead,/book/show/219926.Waking_the_Dead
The Bad Mother's Handbook,/book/show/1233204.The_Bad_Mother_s_Handbook
Another Day in Paradise,/book/show/7840.Another_Day_in_Paradise
Le Château de ma mère,/book/show/1030803.Le_Ch_teau_de_ma_m_re
Galore,/book/show/6276276-galore
Killing Me Softly,/book/show/320197.Killing_Me_Softly
The House on the Gulf,/book/show/415132.The_House_on_the_Gulf
Marnie,/book/show/7147962-marnie
Breathe: A Ghost Story,/book/show/6339961-breathe
The Elementary Particles,/book/show/58314.The_Elementary_Particles
Alice in Verse: The Lost Rhymes of Wonderland,/book/show/6999049-alice-in-verse
The Kindness of Strangers,/book/show/15655.The_Kindness_of_Strangers
The Informant,/book/show/6720836-the-informant
The Object of My Affection,/book/show/324107.The_Object_of_My_Affection
Damnation Alley,/book/show/239919.Damnation_Alley
Enchantment,/book/show/7973.Enchantment
مالك الحزين,/book/show/3768690
Romanzo criminale,/book/show/9553334-romanzo-criminale
Transformers: The Veiled Threat,/book/show/6047820-transformers
Girl,/book/show/7247696-girl
The Night Watch,/book/show/550720.The_Night_Watch
Nightfall,/book/show/99245.Nightfall
Tempelriddaren,/book/show/152300.Tempelriddaren
The City of Joy,/book/show/356525.The_City_of_Joy
Che: A Memoir,/book/show/405909.Che
Yes Man,/book/show/87804.Yes_Man
The Fabulous Riverboat (Riverworld #2),/book/show/16536.The_Fabulous_Riverboat
Body of Lies,/book/show/569875.Body_of_Lies
"Jitter Joint (Jeb Quinlin, #1)",/book/show/9151669-jitter-joint
True Woman,/book/show/12262737-true-woman
The River Why,/book/show/23196.The_River_Why
"Neophyte (The Wiccan Diaries, #2)",/book/show/13564820-neophyte
"The Clan of the Cave Bear, the Valley of Horses, the Mammoth Hunters, the Plains of Passage, The Shelters of Stone (Earth's Children, #1-5)",/book/show/73687.The_Clan_of_the_Cave_Bear_the_Valley_of_Horses_the_Mammoth_Hunters_the_Plains_of_Passage_The_Shelters_of_Stone
What I Did On My Midlife Crisis Vacation,/book/show/13512931-what-i-did-on-my-midlife-crisis-vacation
The Art of War by Sun Tzu,/book/show/6620596-the-art-of-war-by-sun-tzu
Reverb,/book/show/17283481-reverb
"The Marriage Bargain (Marriage to a Billionaire, #1)",/book/show/13486122-the-marriage-bargain
"The Popularity Papers (The Popularity Papers, #1)",/book/show/7092306-the-popularity-papers
The Great Santini,/book/show/13320212-the-great-santini
"One Shot (Jack Reacher, #9)",/book/show/220968.One_Shot
"The Defector (Gabriel Allon, #9)",/book/show/5739373-the-defector
From Beyond,/book/show/11961382-from-beyond
"Slapstick, or Lonesome No More!",/book/show/9595.Slapstick_or_Lonesome_No_More_
My Summer of Love,/book/show/1408691.My_Summer_of_Love
The Tarnished Shooter,/book/show/18388177-the-tarnished-shooter
Buddhism for Dummies,/book/show/149238.Buddhism_for_Dummies
"Ann Marie's Asylum (Master and Apprentice, #1)",/book/show/19358045-ann-marie-s-asylum
Cosmopolis,/book/show/406.Cosmopolis
كنت رئيسًا لمصر,/book/show/6304929
Grace,/book/show/22513857-grace
The Solitude of Prime Numbers,/book/show/6613956-the-solitude-of-prime-numbers
Venuto al mondo,/book/show/6202353-venuto-al-mondo
Wide Sargasso Sea,/book/show/44597.Wide_Sargasso_Sea
Musashi,/book/show/102030.Musashi
Heavy,/book/show/21417641-heavy
Fear and Loathing in Las Vegas and Other American Stories,/book/show/7746.Fear_and_Loathing_in_Las_Vegas_and_Other_American_Stories
Sun & Moon,/book/show/12956766-sun-moon
Your Love Was All I Had!,/book/show/23565008-your-love-was-all-i-had
Still Alice,/book/show/23280232-still-alice
"An Ember in the Ashes (An Ember in the Ashes, #1)",/book/show/20560137-an-ember-in-the-ashes
Find Your Purpose Using Science,/book/show/25878671-find-your-purpose-using-science
الفيل الأزرق,/book/show/16031620
A Paper Mask,/book/show/3714953-a-paper-mask
The Night of the Hunter,/book/show/352582.The_Night_of_the_Hunter
ಕಾನೂರು ಹೆಗ್ಗಡಿತಿ | Kanooru Heggadithi,/book/show/11554729-kanooru-heggadithi
"Touch of Frost (Mythos Academy, #1)",/book/show/9439989-touch-of-frost
The Squaw Man,/book/show/31625825-the-squaw-man
No Highway,/book/show/27202367-no-highway
Realmgolds (The Gryphon Clerks #1),/book/show/33876808-realmgolds
Serena,/book/show/2815590-serena
Under the Skin,/book/show/123063.Under_the_Skin
12 Years a Slave and Other Slave Narratives,/book/show/18912839-12-years-a-slave-and-other-slave-narratives
Finding Your Colors: Fine Art Adult Coloring Book,/book/show/35445445-finding-your-colors
"The Hundred-Year-Old Man Who Climbed Out of the Window and Disappeared (The Hundred-Year-Old Man, #1)",/book/show/13486632-the-hundred-year-old-man-who-climbed-out-of-the-window-and-disappeared
"The Last Dragonslayer (The Last Dragonslayer, #1)",/book/show/13316328-the-last-dragonslayer
Asking for Trouble,/book/show/322007.Asking_for_Trouble
Why To Kill a Mockingbird Matters: What Harper Lee's Book and America's Iconic Film Mean to Us Today,/book/show/36743007-why-to-kill-a-mockingbird-matters
Beautiful Boy: A Father's Journey Through His Son's Addiction,/book/show/180066.Beautiful_Boy
Refugee,/book/show/33118312-refugee
"Vampire Academy (Vampire Academy, #1-5)",/book/show/11872688-vampire-academy
Drawing Dynamic Hands,/book/show/1045908.Drawing_Dynamic_Hands
The Mysterious Affair at Styles (Hercule Poirot #1),/book/show/16343.The_Mysterious_Affair_at_Styles
The Miseducation of Cameron Post,/book/show/35448330-the-miseducation-of-cameron-post
The Art of Racing in the Rain,/book/show/3153910-the-art-of-racing-in-the-rain
The Human Comedy,/book/show/28305.The_Human_Comedy
The Hate U Give,/book/show/40656367-the-hate-u-give
Forever My Girl (Beaumont #1),/book/show/17187403-forever-my-girl
My Brilliant Friend (The Neapolitan Novels #1),/book/show/35036409-my-brilliant-friend
"Heavy Weather (Blandings Castle, #5)",/book/show/13707658-heavy-weather
Desde tu Infierno,/book/show/12073184-desde-tu-infierno
All the Bright Places,/book/show/18460392-all-the-bright-places
STAVROS,/book/show/56581167-stavros
"The Immigrants (Lavette Family, #1)",/book/show/151080.The_Immigrants
"The Hate U Give (The Hate U Give, #1)",/book/show/32075671-the-hate-u-give
"Ready Player One (Ready Player One, #1)",/book/show/20603758-ready-player-one
"P.S. I Still Love You (To All the Boys I've Loved Before, #2)",/book/show/20698530-p-s-i-still-love-you
"Der Medicus (Cole-Trilogie, #1)",/book/show/1618523.Der_Medicus
"Rubinrot (Edelstein-Trilogie, #1)",/book/show/6325285-rubinrot
"After (After, #1)",/book/show/22557520-after
Hadassah: One Night with the King,/book/show/900379.Hadassah
At Play in the Fields of the Lord,/book/show/769729.At_Play_in_the_Fields_of_the_Lord
Little Dorrit,/book/show/31250.Little_Dorrit
Bless the Child,/book/show/1045811.Bless_the_Child
Sofies Welt,/book/show/1029279.Sofies_Welt
"The Summer Garden (The Bronze Horseman, #3)",/book/show/608216.The_Summer_Garden
The Witch of Portobello,/book/show/816720.The_Witch_of_Portobello
Bend It Like Beckham,/book/show/1068303.Bend_It_Like_Beckham
"Sharpe's Eagle (Sharpe, #8)",/book/show/2717674-sharpe-s-eagle
Transformers,/book/show/35117.Transformers
Les Plouffe,/book/show/6819027-les-plouffe
The Power of Myth,/book/show/35519.The_Power_of_Myth
My Life: A Spoken Autobiography,/book/show/1757027.My_Life
Eight of Jacks,/book/show/12690450-eight-of-jacks
Reach for the Sky,/book/show/3143383-reach-for-the-sky
Winter Eternal: Book I The River That Flows Two Ways,/book/show/36677489-winter-eternal
The Picture of Dorian Gray and Other Fantastic Tales,/book/show/9401590-the-picture-of-dorian-gray-and-other-fantastic-tales
The Cry,/book/show/17846926-the-cry
"After (After, #1)",/book/show/22892123-after
Anatomy of a Murder,/book/show/994663.Anatomy_of_a_Murder
Transformers: Ghosts of Yesterday,/book/show/126502.Transformers
L' Homme de chevet,/book/show/2211158.L_Homme_de_chevet
The Feast of Love,/book/show/119290.The_Feast_of_Love
Dzieje Tristana i Izoldy,/book/show/7887539-dzieje-tristana-i-izoldy
تأملات: أجمل ما كتب ماركوس أوريليوس,/book/show/12834198
Die Päpstin,/book/show/1530539.Die_P_pstin
"Feverborn (Fever, #8)",/book/show/12444298-feverborn
"The Capture (Guardians of Ga'Hoole, #1)",/book/show/35805.The_Capture
Cos� Fan Tutte,/book/show/19117435-cos-fan-tutte
"The Secret of Skeleton Island (Alfred Hitchcock and The Three Investigators, #6)",/book/show/18395408-the-secret-of-skeleton-island
Fate Is the Hunter,/book/show/533779.Fate_Is_the_Hunter
Delicacy,/book/show/10433091-delicacy
Glengarry Glen Ross,/book/show/251446.Glengarry_Glen_Ross
Memoirs of a Teenage Amnesiac,/book/show/317282.Memoirs_of_a_Teenage_Amnesiac
The Rum Diary,/book/show/18864.The_Rum_Diary
Heart of Thorne,/book/show/37546524-heart-of-thorne
Cell,/book/show/10431822-cell
"Magic Knight Rayearth I, Vol. 1 (Magic Knight Rayearth I, #1)",/book/show/62309.Magic_Knight_Rayearth_I_Vol_1
"After We Collided (After, #2)",/book/show/23681953-after-we-collided
"The Worst Witch (Worst Witch, #1)",/book/show/1370244.The_Worst_Witch
Krull,/book/show/218660.Krull
"Sex with the Queen: 900 Years of Vile Kings, Virile Lovers, and Passionate Politics",/book/show/16179.Sex_with_the_Queen
Alpha and Omega: The Junior Novel,/book/show/8406114-alpha-and-omega
Samuel II,/book/show/5368029-samuel-ii
Manon des sources,/book/show/220362.Manon_des_sources
I've Been Looking for You,/book/show/36164647-i-ve-been-looking-for-you
The Mouse and His Child,/book/show/24909.The_Mouse_and_His_Child
I Served the King of England,/book/show/397503.I_Served_the_King_of_England
The Delinquents,/book/show/23617075-the-delinquents
Death in Venice,/book/show/1916528.Death_in_Venice
Hitman: Enemy Within,/book/show/1302181.Hitman
"Riverworld: To Your Scattered Bodies Go/The Fabulous Riverboat (Riverworld, #1-2)",/book/show/6665903-riverworld
"Mrs. McGinty's Dead (Hercule Poirot, #32)",/book/show/121622.Mrs_McGinty_s_Dead
"Rising Storm (Warriors, #4)",/book/show/295086.Rising_Storm
The Forgotten Man: A New History of the Great Depression,/book/show/1289617.The_Forgotten_Man
"Sarah, Plain and Tall (Sarah, Plain and Tall, #1)",/book/show/106264.Sarah_Plain_and_Tall
Fever Moon: The Fear Dorcha (Fever #5.5),/book/show/10630620-fever-moon
"The Seventh Scroll (Ancient Egypt, #2)",/book/show/416580.The_Seventh_Scroll
السمان والخريف,/book/show/4922444
Little Children,/book/show/37426.Little_Children
"G.I. Joe: A Real American Hero,  Volume 1",/book/show/1085370.G_I_Joe
The Take,/book/show/35384512-the-take
Barrel Fever: Stories and Essays,/book/show/4143.Barrel_Fever
Portrait in Sepia,/book/show/85987.Portrait_in_Sepia
"The Seven Dials Mystery (Superintendent Battle, #2)",/book/show/483103.The_Seven_Dials_Mystery
Star Trek,/book/show/6344943-star-trek
"Rain (Hudson, #1)",/book/show/226720.Rain
The First World War,/book/show/8914.The_First_World_War
"Warlock (Legends West, #1)",/book/show/183199.Warlock
"Nausicaä of the Valley of the Wind, Vol. 1 (Nausicaä of the Valley of the Wind, #1)",/book/show/626339.Nausica_of_the_Valley_of_the_Wind_Vol_1
Rumble Fish,/book/show/759960.Rumble_Fish
Just Cause,/book/show/67935.Just_Cause
"Fruits Basket, Vol. 22",/book/show/2261584.Fruits_Basket_Vol_22
"Fruits Basket, Vol. 23",/book/show/2261583.Fruits_Basket_Vol_23
The Making of the Atomic Bomb,/book/show/16884.The_Making_of_the_Atomic_Bomb
"The Taker (The Taker, #1)",/book/show/7766064-the-taker
الحرافيش,/book/show/5295735
One Day You Will (An Attorney J.B. Graybourne Novel #2),/book/show/35717446-one-day-you-will
"Coffey on the Mile (The Green Mile, #6)",/book/show/71823.Coffey_on_the_Mile
"Explosive Eighteen (Stephanie Plum, #18)",/book/show/11746513-explosive-eighteen
"The Lion's Lady (Crown's Spies, #1)",/book/show/107783.The_Lion_s_Lady
"Game Change: Obama and the Clintons, McCain and Palin, and the Race of a Lifetime",/book/show/6694937-game-change
خان الخليلي,/book/show/5935144
The Mystery of the Aagnee Ruby,/book/show/15839985-the-mystery-of-the-aagnee-ruby
A Butler Christmas,/book/show/35295478-a-butler-christmas
"The Bad Death of Eduard Delacroix (The Green Mile, #4)",/book/show/228199.The_Bad_Death_of_Eduard_Delacroix
Dangerous Minds,/book/show/759559.Dangerous_Minds
American Pie,/book/show/575327.American_Pie
Kim,/book/show/3771126-kim
Follow the River,/book/show/138872.Follow_the_River
"Paris, 1919: Six Months that Changed the World",/book/show/26348.Paris_1919
"Iced (Fever, #6)",/book/show/12444166-iced
"Dragons of Autumn Twilight  (Dragonlance: Chronicles, #1)",/book/show/259836.Dragons_of_Autumn_Twilight
رابعة العدوية ( نصوص مسرحية #106 (,/book/show/21461674-106
Para sa Hopeless Romantic,/book/show/16054957-para-sa-hopeless-romantic
Anne of Green Gables Boxed Set (Anne of Green Gables #1-3),/book/show/8128.Anne_of_Green_Gables_Boxed_Set
Brother in the Land,/book/show/689855.Brother_in_the_Land
At the Earth's Core,/book/show/215950.At_the_Earth_s_Core
Project Terror,/book/show/35152052-project-terror
"The Mouse on the Mile (The Green Mile, #2)",/book/show/228194.The_Mouse_on_the_Mile
The Martian Tales Trilogy (Barsoom #1-3),/book/show/668851.The_Martian_Tales_Trilogy
"Artemis Fowl (Artemis Fowl, #1)",/book/show/249747.Artemis_Fowl
Mayfair Witches Collection,/book/show/43815.Mayfair_Witches_Collection
Crazy,/book/show/32380.Crazy
"Martians, Go Home",/book/show/882936.Martians_Go_Home
Under the Black Flag: The Romance and the Reality of Life Among the Pirates,/book/show/49851.Under_the_Black_Flag
"Faefever (Fever, #3)",/book/show/2702704-faefever
Rum Punch,/book/show/240910.Rum_Punch
القاهرة الجديدة,/book/show/8527303
I Know My First Name Is Steven,/book/show/1370688.I_Know_My_First_Name_Is_Steven
The Lastling,/book/show/2014510.The_Lastling
"The Man of Bronze (Doc Savage, #1)",/book/show/2419015.The_Man_of_Bronze
Legacy of Ashes: The History of the CIA,/book/show/970488.Legacy_of_Ashes
"Bloodfever (Fever, #2)",/book/show/344262.Bloodfever
"Miecz przeznaczenia (Saga o Wiedźminie, #0.7)",/book/show/1128437.Miecz_przeznaczenia
The Robe,/book/show/219919.The_Robe
Tenderness,/book/show/51944.Tenderness
"The Immortals of Meluha (Shiva Trilogy, #1)",/book/show/7913305-the-immortals-of-meluha
Creating Monsters,/book/show/16160448-creating-monsters
غادة الكاميليا,/book/show/15712510
La ciudad de los prodigios,/book/show/87819.La_ciudad_de_los_prodigios
Moneyball: The Art of Winning an Unfair Game,/book/show/1301.Moneyball
The V Girl: a Coming of Age Story,/book/show/25437891-the-v-girl
Me and Earl and the Dying Girl,/book/show/12700353-me-and-earl-and-the-dying-girl
ನಾಯಿ ನೆರಳು [Naayi Neralu],/book/show/13626185-naayi-neralu
The Big Short: Inside the Doomsday Machine,/book/show/9664177-the-big-short
Exit to Eden,/book/show/43799.Exit_to_Eden
Ronja Räubertochter,/book/show/469065.Ronja_R_ubertochter
Escape from Mr. Lemoncello's Library (Mr. Lemoncello's Library #1),/book/show/16054808-escape-from-mr-lemoncello-s-library
Shine Little Light: Kids Edition,/book/show/39094598-shine-little-light
Dietland,/book/show/22749796-dietland
"Bridgman's Complete Guide to Drawing From Life: Over 1,000 Illustrations",/book/show/477052.Bridgman_s_Complete_Guide_to_Drawing_From_Life
"Public Enemies: America's Greatest Crime Wave and the Birth of the FBI, 1933-34",/book/show/57882.Public_Enemies
WIL O WISH,/book/show/57491471-wil-o-wish
"Wonder (Wonder, #1)",/book/show/11387515-wonder
Es,/book/show/10406134-es
"Saphirblau (Edelstein-Trilogie, #2)",/book/show/6919272-saphirblau
"After We Collided (After, #2)",/book/show/22540125-after-we-collided
Гибельный тупик,/book/show/2993960
Reflections in a Golden Eye,/book/show/243924.Reflections_in_a_Golden_Eye
Nothing But You: Love Stories From The New Yorker,/book/show/217070.Nothing_But_You
The Bumblebee Flies Anyway,/book/show/137559.The_Bumblebee_Flies_Anyway
Batman: The Long Halloween,/book/show/106069.Batman
"Tatiana and Alexander (The Bronze Horseman, #2)",/book/show/83143.Tatiana_and_Alexander
"Left Behind Series Gift Set (Left Behind, #1-6)",/book/show/723558.Left_Behind_Series_Gift_Set
Transformers: Revenge of the Fallen,/book/show/6047821-transformers
Party Monster: A Fabulous But True Tale of Murder in Clubland,/book/show/79090.Party_Monster
The Prison Letters of Fidel Castro,/book/show/431939.The_Prison_Letters_of_Fidel_Castro
رباعيات صلاح جاهين,/book/show/4488657
In a Lonely Place,/book/show/591354.In_a_Lonely_Place
North of Beautiful,/book/show/3238153-north-of-beautiful
The Illustrated Mum,/book/show/511684.The_Illustrated_Mum
One Hundred Years of Solitude,/book/show/320.One_Hundred_Years_of_Solitude
Slimer,/book/show/8400680-slimer
The Time Between,/book/show/15812794-the-time-between
"The Cay (The Cay, #1)",/book/show/18553.The_Cay
99 Cahaya di Langit Eropa: Perjalanan Menapak Jejak Islam di Eropa,/book/show/12252878-99-cahaya-di-langit-eropa
The Surrogates,/book/show/181182.The_Surrogates
أبو الفوارس عنترة بن شداد,/book/show/9625004
Brighton Rock,/book/show/48862.Brighton_Rock
Arthur and the Invisibles,/book/show/1159302.Arthur_and_the_Invisibles
Being at home with Claude,/book/show/6394522-being-at-home-with-claude
Unleashing Mr. Darcy,/book/show/23308588-unleashing-mr-darcy
"Pines (Wayward Pines, #1)",/book/show/15034320-pines
Mister Roberts,/book/show/6740522-mister-roberts
The Practice and Science of Drawing,/book/show/1514213.The_Practice_and_Science_of_Drawing
"Things Fall Apart (The African Trilogy, #1)",/book/show/37781.Things_Fall_Apart
"Child 44 (Leo Demidov, #1)",/book/show/2161733.Child_44
"Desert Outcast (Sovereign, #0.5)",/book/show/57213211-desert-outcast
"Smaragdgrün (Edelstein-Trilogie, #3)",/book/show/7544603-smaragdgr-n
Savage Grace,/book/show/69025.Savage_Grace
The Year of Yes,/book/show/246938.The_Year_of_Yes
"Midnight (Warriors: The New Prophecy, #1)",/book/show/273511.Midnight
"The Bronze Horseman (The Bronze Horseman, #1)",/book/show/83144.The_Bronze_Horseman
Sumur Kitiran Kencana,/book/show/1474563.Sumur_Kitiran_Kencana
"Adolf Hitler: My Part in His Downfall (War Memoirs, #1)",/book/show/330919.Adolf_Hitler
"Legend of the Guardians: The Owls of Ga'hoole (Guardians of Ga'hoole, #1-3)",/book/show/8728427-legend-of-the-guardians
Elizabeth: The Struggle for the Throne,/book/show/134958.Elizabeth
"Spud (Spud, #1)",/book/show/701937.Spud
شيكاجو,/book/show/1220507._
"High Voltage (Fever, #10)",/book/show/35457273-high-voltage
Strange Pilgrims,/book/show/22175.Strange_Pilgrims
Carnosaur,/book/show/3484906-carnosaur
"Fall From Grace (Mad World, #1)",/book/show/15768536-fall-from-grace
Led by Destiny: Hitchhiking Around the World,/book/show/5637738-led-by-destiny
Os Irmãos Karamazov III,/book/show/15718332-os-irm-os-karamazov-iii
Κυνηγοί κεφαλών,/book/show/15991384
No Logo,/book/show/647.No_Logo
The Elektra Saga,/book/show/304896.The_Elektra_Saga
Don Quixote,/book/show/3836.Don_Quixote
The Dam Busters,/book/show/147578.The_Dam_Busters
The Island at the Top of the World,/book/show/13449728-the-island-at-the-top-of-the-world
Crooked House,/book/show/1126109.Crooked_House
"The Archon of Peace (Sovereign, #1)",/book/show/56236618-the-archon-of-peace
The Seventh Order,/book/show/23948212-the-seventh-order
The Invisible Circus,/book/show/122986.The_Invisible_Circus
Three Screenplays by Edward Burns,/book/show/551576.Three_Screenplays_by_Edward_Burns
"The Darkest Hour (Warriors, #6)",/book/show/49006.The_Darkest_Hour
Anak Bajang Menggiring Angin,/book/show/1439798.Anak_Bajang_Menggiring_Angin
Air America,/book/show/2438811.Air_America
The Whale Rider,/book/show/133497.The_Whale_Rider
La Séparation,/book/show/393694.La_S_paration
A Little History of the World,/book/show/61505.A_Little_History_of_the_World
The Omen,/book/show/1309660.The_Omen
زهر الليمون,/book/show/5960232
Les louves,/book/show/1728026.Les_louves
Il cavaliere inesistente,/book/show/174465.Il_cavaliere_inesistente
"Feversong (Fever, #9)",/book/show/12446825-feversong
Die Wand,/book/show/16046117-die-wand
Pierwsza wyprawa Nepal,/book/show/16153564-pierwsza-wyprawa-nepal
"Skellig (Skellig, #1)",/book/show/1341147.Skellig
The Prydain Chronicles (The Chronicles of Prydain #1-5),/book/show/7196542-the-prydain-chronicles
Losing Faith,/book/show/18870215-losing-faith
"Martin the Warrior (Redwall, #6)",/book/show/263984.Martin_the_Warrior
Three Comrades,/book/show/91203.Three_Comrades
Robinson Crusoe,/book/show/2074521.Robinson_Crusoe
Bee Season,/book/show/251762.Bee_Season
The Land That Time Forgot Collection,/book/show/403277.The_Land_That_Time_Forgot_Collection
99 francs,/book/show/1062375.99_francs
Little Earthquakes,/book/show/80536.Little_Earthquakes
Ghost Soldiers: The Epic Account of World War II's Greatest Rescue Mission,/book/show/94799.Ghost_Soldiers
"Dreamfever (Fever, #4)",/book/show/6050298-dreamfever
Maxi ' Tippkick' Maximilian (Die Wilden Fußballkerle #7),/book/show/1875618.Maxi_Tippkick_Maximilian
"Tarzan of the Apes (Tarzan, #1)",/book/show/40425.Tarzan_of_the_Apes
Saint Maybe,/book/show/112322.Saint_Maybe
Rita Hayworth and Shawshank Redemption,/book/show/39664.Rita_Hayworth_and_Shawshank_Redemption
The Glass Castle,/book/show/8680389-the-glass-castle
When Heaven and Earth Changed Places: A Vietnamese Woman's Journey from War to Peace,/book/show/5729.When_Heaven_and_Earth_Changed_Places
Citizen Soldiers: The US Army from the Normandy Beaches to the Bulge to the Surrender of Germany,/book/show/49251.Citizen_Soldiers
A Farewell to Arms,/book/show/10799.A_Farewell_to_Arms
"Darkfever (Fever, #1)",/book/show/112750.Darkfever
Cuba Libre,/book/show/553075.Cuba_Libre
"Auntie Mame: An Irreverent Escapade (Auntie Mame, #1)",/book/show/187060.Auntie_Mame
Wolverine: Origin,/book/show/22469.Wolverine
Howards End,/book/show/27621.Howards_End
"4:50 from Paddington (Miss Marple, #7)",/book/show/140278.4
The Autobiography of Benjamin Franklin,/book/show/52309.The_Autobiography_of_Benjamin_Franklin
"Shadowfever (Fever, #5)",/book/show/7304203-shadowfever
Marie Antoinette: The Journey,/book/show/17157.Marie_Antoinette
"Cat Among the Pigeons (Hercule Poirot, #36)",/book/show/16342.Cat_Among_the_Pigeons
"Guns, Germs, and Steel: The Fates of Human Societies",/book/show/1842.Guns_Germs_and_Steel
Alien³,/book/show/939556.Alien_
The Westing Game,/book/show/902.The_Westing_Game
Georgiana: Duchess of Devonshire,/book/show/319300.Georgiana
Shining Through,/book/show/116331.Shining_Through
Constantine,/book/show/1138475.Constantine
Strangers When We Meet,/book/show/1750760.Strangers_When_We_Meet
Wokini: A Lakota Journey to Happiness and Self-Understanding,/book/show/15930.Wokini
Gods in Alabama,/book/show/223462.Gods_in_Alabama
"The Mystery of the Blue Train (Hercule Poirot, #6)",/book/show/16335.The_Mystery_of_the_Blue_Train
"Howliday Inn (Bunnicula, #2)",/book/show/443658.Howliday_Inn
Cleopatra: A Life,/book/show/7968243-cleopatra
Coriolanus,/book/show/108171.Coriolanus
Anywhere But Here,/book/show/6473813-anywhere-but-here
The Secrets She Keeps,/book/show/34612332-the-secrets-she-keeps
The Painted Veil,/book/show/99664.The_Painted_Veil
"Death in the Clouds (Hercule Poirot, #12)",/book/show/16326.Death_in_the_Clouds
The Eagle of the Ninth,/book/show/149405.The_Eagle_of_the_Ninth
Sink the Bismarck,/book/show/10423798-sink-the-bismarck
Henry V,/book/show/37526.Henry_V
The Shoemaker's Wife,/book/show/13344919-the-shoemaker-s-wife
Under the Dome,/book/show/6320534-under-the-dome
A Widow for One Year,/book/show/4659.A_Widow_for_One_Year
The Good Mother,/book/show/46685.The_Good_Mother
Pretty Good for a Girl: The Autobiography of a Snowboarding Pioneer,/book/show/1047338.Pretty_Good_for_a_Girl
"After the Funeral (Hercule Poirot, #33)",/book/show/527744.After_the_Funeral
"The Celery Stalks at Midnight (Bunnicula, #3)",/book/show/183436.The_Celery_Stalks_at_Midnight
The Moonspinners,/book/show/12320492-the-moonspinners
Poems,/book/show/51881.Poems
"The Thirteen Problems (Miss Marple, #1.5)",/book/show/31309.The_Thirteen_Problems
"Nighty-Nightmare (Bunnicula, #4)",/book/show/291894.Nighty_Nightmare
The Jungle Books,/book/show/41684.The_Jungle_Books
Hellblazer: Rake at the Gates of Hell,/book/show/196388.Hellblazer
"Coffey's Hands (The Green Mile, #3)",/book/show/228198.Coffey_s_Hands
The Adventures of Tom Sawyer,/book/show/24583.The_Adventures_of_Tom_Sawyer
"Return to Howliday Inn (Bunnicula, #5)",/book/show/352322.Return_to_Howliday_Inn
Captain Blood,/book/show/158446.Captain_Blood
"I, Claudius (Claudius, #1)",/book/show/18765.I_Claudius
"Song of Susannah (The Dark Tower, #6)",/book/show/5093.Song_of_Susannah
Goodnight Nobody,/book/show/14756.Goodnight_Nobody
"The Professor and the Madman: A Tale of Murder, Insanity and the Making of the Oxford English Dictionary",/book/show/25019.The_Professor_and_the_Madman
BUtterfield 8,/book/show/49715.BUtterfield_8
"Wolves of the Calla (The Dark Tower, #5)",/book/show/4978.Wolves_of_the_Calla
Thinner,/book/show/10605.Thinner
The Woods,/book/show/43931.The_Woods
"The Day of Reckoning (Star Wars: Jedi Apprentice, #8)",/book/show/320407.The_Day_of_Reckoning
"If You're Reading This, It's Too Late (Secret, #2)",/book/show/3359940-if-you-re-reading-this-it-s-too-late
Team of Rivals: The Political Genius of Abraham Lincoln,/book/show/2199.Team_of_Rivals
Ninety-two in the Shade,/book/show/51598.Ninety_two_in_the_Shade
Desert of the Heart,/book/show/23441104-desert-of-the-heart
"Wizard and Glass (The Dark Tower, #4)",/book/show/5096.Wizard_and_Glass
Don't Move,/book/show/472800.Don_t_Move
Reckless,/book/show/247369.Reckless
"X-Men: God Loves, Man Kills (Marvel Graphic Novel, #5)",/book/show/299947.X_Men
"The Uncertain Path (Star Wars: Jedi Apprentice, #6)",/book/show/359821.The_Uncertain_Path
How to Eat Fried Worms,/book/show/322351.How_to_Eat_Fried_Worms
"The Waste Lands (The Dark Tower, #3)",/book/show/34084.The_Waste_Lands
"The Captive Temple (Star Wars: Jedi Apprentice, #7)",/book/show/359786.The_Captive_Temple
"Dragon Ball Z, Vol. 1: The World's Greatest Team (Dragon Ball Z, #1)",/book/show/431806.Dragon_Ball_Z_Vol_1
The Emperor of All Maladies: A Biography of Cancer,/book/show/7170627-the-emperor-of-all-maladies
"Racso and the Rats of NIMH (Rats of NIMH, #2)",/book/show/24703.Racso_and_the_Rats_of_NIMH
"Born in Fire (Born In Trilogy, #1)",/book/show/114145.Born_in_Fire
"The Defenders of the Dead (Star Wars: Jedi Apprentice, #5)",/book/show/359819.The_Defenders_of_the_Dead
"Angel Sanctuary, Vol. 1",/book/show/74952.Angel_Sanctuary_Vol_1
Founding Brothers: The Revolutionary Generation,/book/show/7493.Founding_Brothers
The Luzhin Defense,/book/show/8153.The_Luzhin_Defense
Zathura,/book/show/55749.Zathura
Carrie / 'Salem's Lot / The Shining,/book/show/5417.Carrie_Salem_s_Lot_The_Shining
"The Mark of the Crown (Star Wars: Jedi Apprentice, #4)",/book/show/20086.The_Mark_of_the_Crown
Batman Forever: The Official Comic Adaptation of Motion Picture,/book/show/3118734-batman-forever
The Sea Wolf,/book/show/43049.The_Sea_Wolf
"The Hidden Past (Star Wars: Jedi Apprentice, #3)",/book/show/263875.The_Hidden_Past
"Stalingrad: The Fateful Siege, 1942–1943",/book/show/542389.Stalingrad
Arch of Triumph: A Novel of a Man Without a Country,/book/show/672948.Arch_of_Triumph
"The Two Dead Girls (The Green Mile, #1)",/book/show/92227.The_Two_Dead_Girls
The Woman Destroyed,/book/show/141421.The_Woman_Destroyed
"The Dark Rival (Star Wars: Jedi Apprentice, #2)",/book/show/359816.The_Dark_Rival
"Astonishing X-Men, Volume 1: Gifted",/book/show/31979.Astonishing_X_Men_Volume_1
Texasville,/book/show/54814.Texasville
"The Man in the Iron Mask (The D'Artagnan Romances, #3.4)",/book/show/54499.The_Man_in_the_Iron_Mask
Jarhead: A Marine's Chronicle Of The Gulf War And Other Battles,/book/show/907970.Jarhead
"White Lies (Arcane Society, #2)",/book/show/29617.White_Lies
"Superman/Batman, Vol. 1: Public Enemies",/book/show/57890.Superman_Batman_Vol_1
Benjamin Franklin: An American Life,/book/show/10883.Benjamin_Franklin
The Ox-Bow Incident,/book/show/46212.The_Ox_Bow_Incident
The Pearl,/book/show/5308.The_Pearl
"Superman/Batman, Vol. 2: Supergirl",/book/show/107022.Superman_Batman_Vol_2
52 Pickup,/book/show/288995.52_Pickup
Logan's Run,/book/show/73654.Logan_s_Run
All Night Long,/book/show/29616.All_Night_Long
A Room of One's Own,/book/show/18521.A_Room_of_One_s_Own
Persepolis,/book/show/38896416-persepolis
"Spawn, Book 1: Beginnings",/book/show/287395.Spawn_Book_1
A World Lit Only by Fire: The Medieval Mind and the Renaissance: Portrait of an Age,/book/show/19802.A_World_Lit_Only_by_Fire
Hombre,/book/show/835203.Hombre
"Altered Carbon (Takeshi Kovacs, #1)",/book/show/332270.Altered_Carbon
"Heir to the Empire (Star Wars: The Thrawn Trilogy, #1)",/book/show/216443.Heir_to_the_Empire
Ravished,/book/show/367689.Ravished
"The Losers Omnibus, Vol. 1",/book/show/7688925-the-losers-omnibus-vol-1
"The Last Days of Disco, with Cocktails at Petrossian Afterward",/book/show/120242.The_Last_Days_of_Disco_with_Cocktails_at_Petrossian_Afterward
"Galileo's Daughter: A Historical Memoir of Science, Faith and Love",/book/show/18646.Galileo_s_Daughter
Arrowsmith,/book/show/11389.Arrowsmith
One-Hit Wonder,/book/show/161345.One_Hit_Wonder
Madame Kitty,/book/show/6369438-madame-kitty
"On Her Majesty's Secret Service (James Bond, #11)",/book/show/3762.On_Her_Majesty_s_Secret_Service
The Crush,/book/show/96262.The_Crush
Atlas Shrugged,/book/show/662.Atlas_Shrugged
Mr. and Mrs. Bo Jo Jones,/book/show/911892.Mr_and_Mrs_Bo_Jo_Jones
The Dying Animal,/book/show/834502.The_Dying_Animal
"Enchanter (Giver of Life Trilogy, #1)",/book/show/35159667-enchanter
Gerald's Game,/book/show/32692.Gerald_s_Game
"Tank Girl (Tank Girl, #1)",/book/show/974942.Tank_Girl
"Lake of Destiny (Celtic Legends Collection, #1)",/book/show/34229254-lake-of-destiny
Uncle Tom's Cabin,/book/show/46787.Uncle_Tom_s_Cabin
Confessions Of A Dangerous Mind,/book/show/537257.Confessions_Of_A_Dangerous_Mind
The Postman Always Rings Twice,/book/show/25807.The_Postman_Always_Rings_Twice
Two Suitors for Anna (Keepsake Pocket Quilt #3),/book/show/30205218-two-suitors-for-anna
The Brass Bowl,/book/show/12994692-the-brass-bowl
"Farewell, My Lovely",/book/show/2050.Farewell_My_Lovely
The Promise Bride (Montana Brides #1),/book/show/33346503-the-promise-bride
"The Magicians (The Magicians, #1)",/book/show/6101718-the-magicians
A Sound of Thunder and Other Stories,/book/show/50014.A_Sound_of_Thunder_and_Other_Stories
"Gift of Gold (Gift, #1)",/book/show/186776.Gift_of_Gold
"Love's Enduring Promise (Love Comes Softly, #2)",/book/show/31507.Love_s_Enduring_Promise
The Devil's Arithmetic,/book/show/91357.The_Devil_s_Arithmetic
Molly Make-Believe,/book/show/13448479-molly-make-believe
"Witches of East End (The Beauchamp Family, #1)",/book/show/8113940-witches-of-east-end
"Hinder (Guardian of Monsters, #1)",/book/show/35145741-hinder
"Absolutely, Positively",/book/show/113700.Absolutely_Positively
"Pollyanna (Pollyanna, #1)",/book/show/1000751.Pollyanna
The Grifters,/book/show/592676.The_Grifters
From a Distant Star,/book/show/24036088-from-a-distant-star
Double Indemnity,/book/show/56616.Double_Indemnity
"Captain Alatriste (Adventures of Captain Alatriste, #1)",/book/show/90411.Captain_Alatriste
"Amid Stars and Darkness (The Xenith Trilogy, #1)",/book/show/30063453-amid-stars-and-darkness
"Taking Woodstock: A True Story of a Riot, a Concert, and a Life",/book/show/1826053.Taking_Woodstock
Cash,/book/show/35488.Cash
Trilby,/book/show/788085.Trilby
"Austenland (Austenland, #1)",/book/show/248483.Austenland
The Mayor of Casterbridge,/book/show/56759.The_Mayor_of_Casterbridge
The Diary of a Nobody,/book/show/535856.The_Diary_of_a_Nobody
The Tailor of Panama,/book/show/45783.The_Tailor_of_Panama
The Enchanted April,/book/show/3077.The_Enchanted_April
The Russia House,/book/show/270521.The_Russia_House
The Comedians,/book/show/133399.The_Comedians
Fanny Herself,/book/show/967432.Fanny_Herself
The Virginian: A Horseman of the Plains,/book/show/169751.The_Virginian
"Meg (Meg, #1)",/book/show/40931542-meg
The Users,/book/show/3274499-the-users
Celebrity,/book/show/411167.Celebrity
The Burden of Proof (Kindle County Legal Thriller #2),/book/show/4035.The_Burden_of_Proof
The Bridge of San Luis Rey,/book/show/92508.The_Bridge_of_San_Luis_Rey
Presumed Innocent (Kindle County Legal Thriller #1),/book/show/425029.Presumed_Innocent
"Love Takes Wing (Love Comes Softly, #7)",/book/show/65471.Love_Takes_Wing
The Love Machine,/book/show/826542.The_Love_Machine
"Love Finds a Home (Love Comes Softly, #8)",/book/show/65482.Love_Finds_a_Home
"Appaloosa (Virgil Cole & Everett Hitch, #1)",/book/show/297478.Appaloosa
The Holy Bible: King James Version,/book/show/1923820.The_Holy_Bible
Silas Marner,/book/show/54539.Silas_Marner
Far From the Madding Crowd,/book/show/31463.Far_From_the_Madding_Crowd
"Little House in the Big Woods (Little House, #1)",/book/show/8337.Little_House_in_the_Big_Woods
Bastard Out of Carolina,/book/show/25354.Bastard_Out_of_Carolina
The Glass Menagerie,/book/show/92517.The_Glass_Menagerie
The Portrait of a Lady,/book/show/264.The_Portrait_of_a_Lady
"Love's Unending Legacy (Love Comes Softly, #5)",/book/show/65474.Love_s_Unending_Legacy
"Farmer Boy (Little House, #2)",/book/show/8252.Farmer_Boy
The Bridge Over the River Kwai,/book/show/1351174.The_Bridge_Over_the_River_Kwai
The Miracle Worker: A Play,/book/show/22327.The_Miracle_Worker
Looking for Mr. Goodbar,/book/show/166982.Looking_for_Mr_Goodbar
"Love's Unfolding Dream (Love Comes Softly, #6)",/book/show/65470.Love_s_Unfolding_Dream
Cat on a Hot Tin Roof,/book/show/72159.Cat_on_a_Hot_Tin_Roof
Loretta Lynn: Coal Miner's Daughter,/book/show/218215.Loretta_Lynn
Black Like Me,/book/show/42603.Black_Like_Me
Our Town,/book/show/205476.Our_Town
